Aktivitätstyp,Datum,Favorit,Titel,Distanz,Kalorien,Zeit,Ø Herzfrequenz,Maximale Herzfrequenz,Ø Schrittfrequenz (Laufen),Max. Schrittfrequenz (Laufen),Ø Pace,Beste Pace,Anstieg gesamt,Abstieg gesamt,Ø Schrittlänge,Training Stress Score®,Schritte,Dekompression,Beste Rundenzeit,Anzahl der Runden,Zeit in Bewegung,Verstrichene Zeit,Minimale Höhe,Maximale Höhe
Laufen,2025-11-07 12:28:57,false,"Pliening Laufen","3,83","225","00:28:49","162","181","152","165","7:32","6:07","12","11","0,87","0,0","4.384","Nein","00:05:58,5","4","00:28:42","00:36:40","503","517"
Laufbandtraining,2025-11-04 15:36:36,false,"Laufbandtraining","1,04","67","00:08:51,6","143","155","131","148","8:31","7:30","--","--","0,90","0,0","1.164","Nein","00:00:51,1","2","00:08:08","00:08:51,6","--","--"
Laufen,2025-11-03 17:14:41,false,"Pliening Laufen","5,59","332","00:39:42","158","187","156","188","7:06","4:46","13","15","0,90","0,0","6.210","Nein","00:03:43,6","6","00:39:34","00:39:42","501","517"
Laufbandtraining,2025-11-01 17:51:46,false,"Laufbandtraining","0,83","54","00:09:02,8","127","136","128","153","10:56","8:43","--","--","0,71","0,0","1.178","Nein","00:09:02,8","1","00:07:37","00:09:02,8","--","--"
Laufen,2025-10-29 16:42:40,false,"Pliening Laufen","4,52","238","00:42:12","139","154","146","157","9:20","8:01","10","4","0,73","0,0","6.172","Nein","00:04:37,7","5","00:41:54","00:42:37","503","516"
Laufbandtraining,2025-10-28 09:33:02,false,"Laufbandtraining","3,65","210","00:36:58","130","165","141","161","10:08","6:13","--","--","0,70","0,0","5.198","Nein","00:06:05,4","4","00:36:40","00:36:58","--","--"
Laufbandtraining,2025-10-27 17:35:29,false,"Laufbandtraining","3,03","203","00:30:13","139","153","144","151","9:58","6:51","--","--","0,70","0,0","4.368","Nein","00:00:19,1","4","00:30:04","00:30:13","--","--"
Laufbandtraining,2025-10-25 17:40:41,false,"Laufbandtraining","2,80","179","00:27:58","135","154","146","155","9:59","8:03","--","--","0,68","0,0","4.084","Nein","00:07:42,0","3","00:27:51","00:27:58","--","--"
Laufbandtraining,2025-10-23 17:47:21,false,"Laufbandtraining","0,77","54","00:07:53,0","135","148","138","147","10:17","9:04","--","--","0,71","0,0","1.092","Nein","00:07:53,0","1","00:07:45","00:07:53,0","--","--"
Laufbandtraining,2025-10-15 06:27:43,false,"Laufbandtraining","3,57","206","00:35:08","132","145","150","156","9:50","8:59","--","--","0,57","0,0","5.250","Nein","00:11:34","3","00:35:00","00:35:08","--","--"
Laufbandtraining,2025-10-13 15:15:05,false,"Laufbandtraining","2,83","177","00:34:53","122","140","142","149","12:20","10:42","--","--","0,57","0,0","4.972","Nein","00:10:10","3","00:34:29","00:34:53","--","--"
Laufbandtraining,2025-10-10 12:02:21,false,"Laufbandtraining","0,84","40","00:11:15","104","114","130","145","13:26","11:10","--","--","0,57","0,0","1.472","Nein","00:11:15","1","00:10:29","00:11:15","--","--"
Laufen,2025-10-07 18:58:09,false,"Pliening Laufen","2,45","130","00:22:50","138","156","143","233","9:19","6:03","--","--","0,75","0,0","3.326","Nein","00:04:28,5","3","00:22:42","00:25:42","503","506"
Laufen,2025-10-03 12:15:01,false,"Anzing Laufen","5,14","314","00:31:57","176","203","162","200","6:13","3:22","15","6","0,99","0,0","5.170","Nein","00:00:39,3","6","00:31:52","00:31:57","530","546"
Laufbandtraining,2025-10-02 17:46:33,false,"Laufbandtraining","2,03","97","00:21:04","118","133","148","155","10:24","9:45","--","--","0,65","0,0","3.116","Nein","00:00:17,5","3","00:20:43","00:21:04","--","--"
Laufbandtraining,2025-09-29 08:45:17,false,"Laufbandtraining","1,94","111","00:20:38","123","137","145","149","10:38","9:36","--","--","0,65","0,0","2.982","Nein","00:10:03","2","00:20:38","00:20:38","--","--"
Laufbandtraining,2025-09-26 11:42:42,false,"Laufbandtraining","1,83","103","00:20:16","123","135","142","150","11:06","10:02","--","--","0,64","0,0","2.878","Nein","00:09:09,7","2","00:19:56","00:20:16","--","--"
Laufbandtraining,2025-09-25 08:17:43,false,"Laufbandtraining","0,94","43","00:10:16","111","142","143","151","10:56","10:34","--","--","0,64","0,0","1.472","Nein","00:10:16","1","00:10:15","00:10:16","--","--"
Laufbandtraining,2025-09-23 18:54:03,false,"Laufbandtraining","2,25","128","00:25:45","123","136","136","149","11:25","9:33","--","--","0,64","0,0","3.500","Nein","00:02:45,6","3","00:24:10","00:25:56","--","--"
Laufbandtraining,2025-09-21 18:17:35,false,"Laufbandtraining","3,25","194","00:35:40","130","142","143","220","11:00","5:42","--","--","0,64","0,0","5.106","Nein","00:02:40,9","4","00:35:27","00:37:55","--","--"
Laufen,2025-09-19 17:31:36,false,"Pliening Laufen","3,28","173","00:31:31","131","151","123","160","9:36","6:40","2","2","0,85","0,0","4.168","Nein","00:02:39,8","4","00:31:31","00:35:02","497","503"
Laufbandtraining,2025-09-17 18:02:18,false,"Laufbandtraining","1,00","70","00:15:15","117","140","120","156","15:16","9:36","--","--","0,54","0,0","2.044","Nein","00:15:15","1","00:11:36","00:15:15","--","--"
Laufbandtraining,2025-09-16 12:20:28,false,"Laufbandtraining","1,38","99","00:30:13","104","124","76","154","21:54","9:52","--","--","0,60","0,0","3.486","Nein","00:09:36,4","2","00:15:45","00:30:13","--","--"
Laufen,2025-08-20 17:35:40,false,"Pliening Laufen","5,01","274","00:39:58","147","161","152","163","7:59","6:57","2","2","0,83","0,0","6.060","Nein","00:00:04,1","6","00:39:49","00:42:09","502","505"
Laufen,2025-08-15 18:09:26,false,"Pliening Laufen","10,39","594","01:20:29","161","180","153","159","7:45","6:51","15","13","0,84","0,0","12.310","Nein","00:02:48,4","11","01:20:21","01:20:29","494","505"
Laufen,2025-08-13 19:22:40,false,"Poing Laufen","1,60","98","00:09:25,6","191","203","163","172","5:54","5:06","8","9","1,04","0,0","1.536","Nein","00:03:58,5","2","00:09:25","00:11:01","529","537"
Laufen,2025-08-13 18:58:04,false,"Pliening Laufen","2,37","151","00:14:37","185","197","159","165","6:10","5:47","2","--","1,02","0,0","2.332","Nein","00:02:20,6","3","00:14:31","00:14:37","534","537"
Laufen,2025-08-13 18:36:30,false,"Poing Laufen","1,90","109","00:11:36","168","180","164","172","6:05","5:47","--","7","1,00","0,0","1.896","Nein","00:05:37,4","2","00:11:36","00:11:36","504","513"
Laufen,2025-08-07 12:41:14,false,"Pliening Laufen","5,48","306","00:42:13","151","168","153","160","7:42","6:52","4","27","0,85","0,0","6.438","Nein","00:03:40,5","6","00:42:06","00:42:13","479","503"
Laufbandtraining,2025-08-05 18:36:21,false,"Laufbandtraining","3,24","150","00:30:28","124","140","151","160","9:24","8:45","--","--","0,71","0,0","4.598","Nein","00:02:13,7","4","00:29:45","00:30:28","--","--"
Laufbandtraining,2025-07-30 17:47:46,false,"Laufbandtraining","2,18","104","00:20:30","124","136","150","156","9:23","8:51","--","--","0,71","0,0","3.060","Nein","00:01:44,8","3","00:20:11","00:21:59","--","--"
Laufen,2025-07-22 17:08:22,false,"Pliening Laufen","10,43","586","01:22:23","157","180","151","167","7:54","6:03","13","13","0,84","0,0","12.400","Nein","00:03:12,4","11","01:21:44","01:33:14","493","506"
Laufbandtraining,2025-07-19 17:14:17,false,"Laufbandtraining","3,81","204","00:35:27","132","145","147","155","9:18","8:26","--","--","0,73","0,0","5.188","Nein","00:07:40,7","4","00:35:06","00:35:27","--","--"
Laufen,2025-07-13 10:00:10,false,"Unterhaching Laufen","5,40","300","00:30:44","180","200","166","205","5:42","3:04","15","15","1,06","0,0","5.086","Nein","00:01:58,6","6","00:30:41","00:30:44","544","555"
Laufbandtraining,2025-07-11 17:45:50,false,"Laufbandtraining","4,41","223","00:41:34","129","139","149","156","9:25","8:30","--","--","0,71","0,0","6.142","Nein","00:03:53,7","5","00:41:33","00:41:34","--","--"
Laufen,2025-07-09 18:09:47,false,"Pliening - Intervall","4,38","240","00:29:42","158","199","156","185","6:47","4:23","2","--","0,93","0,0","4.622","Nein","00:01:21,0","11","00:29:21","00:30:40","503","506"
Laufbandtraining,2025-07-05 12:31:35,false,"Laufbandtraining","6,25","247","01:01:09","118","132","145","151","9:47","9:04","--","--","0,71","0,0","8.870","Nein","00:02:25,4","7","01:00:39","01:03:07","--","--"
Laufen,2025-07-03 07:30:26,false,"Pliening Laufen","3,01","184","00:23:40","157","176","146","167","7:51","5:40","--","2","0,87","0,0","3.472","Nein","00:00:04,7","4","00:22:22","00:24:57","499","504"
Laufen,2025-06-30 19:05:44,false,"Pliening Laufen","4,13","242","00:32:26","159","172","151","165","7:51","6:12","4","4","0,84","0,0","4.892","Nein","00:01:01,6","5","00:32:01","00:32:26","498","504"
Laufbandtraining,2025-06-28 17:50:55,false,"Laufbandtraining","3,43","182","00:36:39","123","139","122","155","10:41","8:16","--","--","0,77","0,0","4.768","Nein","00:08:40,4","4","00:30:06","00:36:39","--","--"
Laufbandtraining,2025-06-22 16:32:05,false,"Laufbandtraining","3,75","235","00:32:39","143","157","148","155","8:43","8:12","--","--","0,78","0,0","4.834","Nein","00:06:33,3","4","00:32:28","00:32:39","--","--"
Laufbandtraining,2025-06-20 07:50:43,false,"Laufbandtraining","1,14","71","00:10:09","138","154","147","160","8:56","8:01","--","--","0,76","0,0","1.484","Nein","00:01:09,4","2","00:10:00","00:10:09","--","--"
Laufen,2025-06-18 19:24:57,false,"Poing Laufen","2,37","138","00:13:03","186","209","163","180","5:30","4:15","--","--","1,12","0,0","2.162","Nein","00:02:26,1","3","00:12:45","00:20:17","509","512"
Laufen,2025-06-18 18:35:08,false,"Poing Laufen","2,63","158","00:15:06","182","205","166","184","5:45","5:10","7","7","1,05","0,0","2.518","Nein","00:03:38,2","3","00:15:05","00:15:06","506","514"
Laufen,2025-06-16 17:13:51,false,"Pliening Laufen","5,34","307","00:37:16","155","181","156","177","6:59","3:04","8","6","0,92","0,0","5.836","Nein","00:01:57,8","6","00:37:09","00:37:16","503","513"
Laufen,2025-06-11 17:08:11,false,"Pliening Laufen","3,84","227","00:29:19","151","172","149","161","7:38","6:34","6","7","0,88","0,0","4.404","Nein","00:05:56,7","4","00:29:11","00:32:19","503","510"
Laufen,2025-06-08 17:46:47,false,"Pliening Laufen","0,65","26","00:04:35,8","125","149","141","178","7:07","5:14","2","--","0,99","0,0","688","Nein","00:04:35,8","1","00:04:18","00:06:42,6","503","506"
Laufen,2025-06-05 21:04:04,false,"Poing Laufen","3,19","187","00:21:45","155","171","159","167","6:49","6:10","--","6","0,92","0,0","3.448","Nein","00:01:18,5","4","00:21:39","00:29:40","504","513"
Laufen,2025-06-05 20:11:29,false,"Pliening Laufen","3,41","195","00:24:49","148","165","156","169","7:17","5:51","13","--","0,88","0,0","3.886","Nein","00:03:04,5","4","00:24:40","00:27:31","503","516"
Laufen,2025-06-02 18:55:23,false,"Poing Laufen","1,40","90","00:09:04,6","171","183","163","172","6:30","5:55","5","4","0,94","0,0","1.482","Nein","00:02:40,5","2","00:09:04","00:09:04,6","511","516"
Laufen,2025-06-02 18:39:04,false,"Poing Laufen","1,26","99","00:12:32","147","168","112","169","9:55","6:26","4","7","0,88","0,0","1.410","Nein","00:05:43,0","2","00:08:27","00:12:32","507","512"
Laufbandtraining,2025-05-31 17:31:33,false,"Laufbandtraining","1,04","68","00:11:28","126","135","148","161","11:01","8:45","--","--","0,61","0,0","1.700","Nein","00:00:40,3","2","00:10:59","00:11:28","--","--"
Laufen,2025-05-26 19:22:27,false,"Poing Laufen","3,62","218","00:22:50","171","201","150","218","6:19","0:41","11","13","1,06","0,0","3.552","Nein","00:03:52,0","4","00:22:49","00:27:38","505","512"
Laufen,2025-05-26 18:38:37,false,"Poing Laufen","2,71","158","00:17:32","156","175","165","178","6:29","5:15","4","9","0,94","0,0","2.892","Nein","00:04:45,2","3","00:17:31","00:17:32","506","513"
Laufen,2025-05-21 19:34:43,false,"Poing Laufen","4,17","267","00:28:30","170","208","141","193","6:50","3:30","11","11","1,04","0,0","4.216","Nein","00:01:35,5","5","00:26:16","00:30:02","510","514"
Laufen,2025-05-21 18:38:54,false,"Poing Laufen","2,76","173","00:16:10","182","197","163","182","5:52","4:24","7","13","1,04","0,0","2.680","Nein","00:05:17,1","3","00:16:09","00:16:10","504","513"
Laufbandtraining,2025-05-17 16:34:48,false,"Laufbandtraining","0,67","46","00:07:15,4","127","138","147","161","10:50","9:01","--","--","0,63","0,0","1.094","Nein","00:07:15,4","1","00:06:37","00:07:15,4","--","--"
Laufen,2025-05-07 19:27:42,false,"Anzing Laufen","3,73","254","00:25:42","174","201","146","199","6:54","3:33","7","2","1,00","0,0","3.866","Nein","00:05:36,9","4","00:23:38","00:31:24","526","532"
Laufen,2025-05-07 18:37:00,false,"Anzing Laufen","2,83","175","00:17:20","173","186","160","176","6:08","4:55","8","9","1,02","0,0","2.792","Nein","00:05:24,8","3","00:17:19","00:17:20","518","529"
Laufen,2025-05-02 16:18:22,false,"Pliening Laufen","2,86","173","00:23:46","148","169","147","163","8:19","6:44","4","4","0,82","0,0","3.522","Nein","00:06:59,1","3","00:23:09","00:23:46","498","504"
Laufen,2025-04-29 17:28:12,false,"Pliening Laufen","6,01","381","00:43:46","161","197","150","201","7:17","3:05","10","6","0,92","0,0","6.632","Nein","00:00:08,1","7","00:42:35","00:48:23","496","507"
Laufen,2025-04-27 16:09:18,false,"Pliening Laufen","5,58","333","00:47:14","151","173","149","163","8:28","6:54","11","10","0,79","0,0","7.020","Nein","00:06:22,8","6","00:46:23","00:49:30","495","504"
Laufbandtraining,2025-04-24 17:16:44,false,"Laufbandtraining","0,37","29","00:05:19,5","117","134","105","157","14:19","9:21","--","--","0,67","0,0","552","Nein","00:05:19,5","1","00:03:36","00:05:19,5","--","--"
Laufbandtraining,2025-04-22 17:36:58,false,"Laufbandtraining","3,60","264","00:34:54","141","157","152","157","9:41","9:21","--","--","0,68","0,0","5.268","Nein","00:05:50,0","4","00:34:46","00:34:54","--","--"
Laufbandtraining,2025-04-20 17:28:58,false,"Laufbandtraining","2,11","163","00:20:59","141","156","149","156","9:57","9:27","--","--","0,68","0,0","3.110","Nein","00:01:05,6","3","00:20:54","00:20:59","--","--"
Laufbandtraining,2025-04-18 17:41:21,false,"Laufbandtraining","2,13","142","00:20:49","133","144","150","155","9:46","9:24","--","--","0,68","0,0","3.114","Nein","00:01:18,6","3","00:20:47","00:20:49","--","--"
Laufbandtraining,2025-04-10 17:41:37,false,"Laufbandtraining","2,16","158","00:21:17","138","153","149","156","9:52","9:10","--","--","0,68","0,0","3.166","Nein","00:01:35,9","3","00:21:03","00:21:17","--","--"
Laufbandtraining,2025-04-07 16:35:38,false,"Laufbandtraining","1,19","95","00:17:49","118","150","101","157","14:57","9:12","--","--","0,66","0,0","2.084","Nein","00:01:51,8","2","00:11:38","00:17:49","--","--"
Laufen,2025-04-03 17:42:30,false,"Pliening Laufen","2,88","182","00:24:27","149","171","134","220","8:29","6:03","6","2","0,88","0,0","3.398","Nein","00:01:01,1","8","00:24:00","00:24:27","501","510"
Laufbandtraining,2025-04-01 17:37:56,false,"Laufbandtraining","0,52","57","00:11:38","113","146","95","157","22:28","7:21","--","--","0,47","0,0","1.460","Nein","00:11:38","1","00:06:50","00:11:38","--","--"
Laufbandtraining,2025-03-28 17:55:36,false,"Laufbandtraining","0,28","11","00:04:18,5","90","99","145","163","15:21","8:51","--","--","0,45","0,0","636","Nein","00:04:18,5","1","00:04:04","00:04:18,5","--","--"
Laufbandtraining,2025-03-27 08:49:38,false,"Laufbandtraining","1,08","39","00:15:15","90","97","149","156","14:10","10:05","--","--","0,47","0,0","2.264","Nein","00:01:06,4","2","00:15:14","00:15:15","--","--"
Laufbandtraining,2025-03-01 17:40:36,false,"Laufbandtraining","2,11","152","00:30:25","119","135","150","163","14:27","9:52","--","--","0,46","0,0","4.574","Nein","00:01:29,6","3","00:29:35","00:30:25","--","--"
Laufbandtraining,2025-02-26 18:56:04,false,"Laufbandtraining","2,01","142","00:30:33","118","134","149","161","15:13","9:55","--","--","0,44","0,0","4.544","Nein","00:00:15,1","3","00:29:10","00:30:33","--","--"
Laufbandtraining,2025-02-24 17:43:27,false,"Laufbandtraining","1,67","157","00:25:13","129","143","150","163","15:08","8:35","--","--","0,44","0,0","3.790","Nein","00:09:52,9","2","00:24:51","00:25:13","--","--"
Laufbandtraining,2025-02-22 17:19:35,false,"Laufbandtraining","2,79","215","00:40:27","124","135","151","156","14:30","9:27","--","--","0,46","0,0","6.080","Nein","00:11:40","3","00:40:22","00:40:27","--","--"
Laufbandtraining,2025-02-17 17:15:38,false,"Laufbandtraining","1,01","73","00:15:11","111","146","150","156","15:01","9:59","--","--","0,45","0,0","2.270","Nein","00:00:10,9","2","00:14:48","00:15:11","--","--"
Laufbandtraining,2025-02-09 17:11:45,false,"Laufbandtraining","1,40","145","00:20:17","135","150","146","151","14:28","10:20","--","--","0,47","0,0","2.954","Nein","00:05:57,9","2","00:20:09","00:20:17","--","--"
Laufbandtraining,2025-02-08 17:11:09,false,"Laufbandtraining","2,46","263","00:35:43","140","157","147","152","14:30","10:12","--","--","0,47","0,0","5.254","Nein","00:06:44,3","3","00:35:12","00:35:43","--","--"
Laufen,2025-02-06 18:22:57,false,"La Matanza de Acentejo Laufen","1,56","124","00:15:03","149","190","140","208","9:41","6:00","79","86","0,72","0,0","2.194","Nein","00:07:29,8","2","00:14:23","00:15:03","372","413"
Laufen,2025-02-03 18:27:38,false,"La Matanza de Acentejo Laufen","2,68","214","00:24:09","162","202","135","247","9:01","6:11","114","120","0,83","0,0","3.382","Nein","00:06:28,6","3","00:23:18","00:24:57","210","319"
Laufbandtraining,2025-01-31 15:30:54,false,"Laufbandtraining","0,92","74","00:10:21","134","148","124","155","11:16","8:30","--","--","0,72","0,0","1.390","Nein","00:10:21","1","00:08:34","00:10:28","--","--"
Laufbandtraining,2025-01-28 12:41:10,false,"Laufbandtraining","2,08","147","00:20:21","136","155","134","155","9:45","8:21","--","--","0,76","0,0","2.844","Nein","00:00:46,6","3","00:18:17","00:20:21","--","--"
Laufbandtraining,2025-01-19 16:55:11,false,"Laufbandtraining","3,53","207","00:30:40","134","154","149","160","8:41","8:12","--","--","0,77","0,0","4.548","Nein","00:04:28,6","4","00:30:00","00:30:40","--","--"
Laufbandtraining,2025-01-15 11:51:48,false,"Laufbandtraining","3,37","206","00:30:05","135","152","146","155","8:55","8:23","--","--","0,77","0,0","4.400","Nein","00:03:18,9","4","00:29:45","00:33:25","--","--"
Laufbandtraining,2025-01-12 17:16:26,false,"Laufbandtraining","5,53","407","00:47:54","150","163","150","156","8:40","8:19","--","--","0,77","0,0","7.124","Nein","00:04:32,8","6","00:47:46","00:47:54","--","--"
Laufbandtraining,2025-01-08 20:04:28,false,"Laufbandtraining","4,64","260","00:40:14","133","146","150","155","8:40","7:42","--","--","0,77","0,0","5.986","Nein","00:05:27,7","5","00:40:00","00:40:14","--","--"
Laufbandtraining,2025-01-05 17:27:30,false,"Laufbandtraining","4,59","286","00:39:57","138","175","150","163","8:42","7:07","--","--","0,77","0,0","5.966","Nein","00:04:55,2","5","00:39:46","00:41:42","--","--"
Laufbandtraining,2025-01-03 17:47:46,false,"Laufbandtraining","1,25","73","00:10:36","131","145","155","165","8:29","7:16","--","--","0,76","0,0","1.656","Nein","00:02:02,9","2","00:10:35","00:10:36","--","--"
Laufbandtraining,2024-12-28 17:37:20,false,"Laufbandtraining","2,47","147","00:21:24","133","143","151","157","8:40","8:19","--","--","0,76","0,0","3.222","Nein","00:04:05,1","3","00:21:15","00:21:24","--","--"
Laufbandtraining,2024-12-22 17:59:55,false,"Laufbandtraining","1,14","93","00:15:17","126","144","99","158","13:23","8:21","--","--","0,74","0,0","1.560","Nein","00:06:28,6","2","00:09:53","00:15:17","--","--"
Laufbandtraining,2024-12-15 18:04:31,false,"Laufbandtraining","0,75","56","00:09:05,5","125","142","109","158","12:04","8:14","--","--","0,76","0,0","1.064","Nein","00:09:05,5","1","00:06:28","00:09:05,5","--","--"
Laufbandtraining,2024-12-07 17:53:17,false,"Laufbandtraining","1,28","76","00:11:48","128","141","142","156","9:15","8:16","--","--","0,76","0,0","1.700","Nein","00:02:49,9","2","00:10:55","00:11:48","--","--"
Laufbandtraining,2024-11-30 12:25:52,false,"Laufbandtraining","0,81","50","00:07:11,4","131","144","147","161","8:52","8:14","--","--","0,77","0,0","1.064","Nein","00:07:11,4","1","00:07:06","00:07:11,4","--","--"
Laufbandtraining,2024-11-24 17:43:36,false,"Laufbandtraining","2,39","146","00:20:54","136","150","148","159","8:45","8:14","--","--","0,77","0,0","3.092","Nein","00:03:34,5","3","00:20:31","00:20:54","--","--"
Laufbandtraining,2024-11-19 17:44:10,false,"Laufbandtraining","1,60","127","00:15:11","148","177","137","182","9:30","5:58","--","--","0,77","0,0","2.102","Nein","00:05:01,9","2","00:12:45","00:15:11","--","--"
Laufbandtraining,2024-11-09 17:56:55,false,"Laufbandtraining","1,01","57","00:08:41,5","129","140","153","159","8:38","8:12","--","--","0,76","0,0","1.328","Nein","00:00:02,3","2","00:08:40,3","00:08:41,5","--","--"
Laufbandtraining,2024-10-27 17:41:09,false,"Laufbandtraining","1,31","95","00:18:01","119","145","100","155","13:44","8:21","--","--","0,73","0,0","2.004","Nein","00:05:37,9","2","00:11:10","00:18:01","--","--"
Laufen,2024-10-11 18:25:29,false,"Pliening Laufen","3,86","252","00:26:54","159","185","153","167","6:58","5:31","2","--","0,94","0,0","4.168","Nein","00:06:16,2","4","00:26:00","00:27:20","503","508"
Laufbandtraining,2024-09-22 17:46:22,false,"Laufbandtraining","2,61","187","00:23:13","145","165","149","156","8:53","8:21","--","--","0,75","0,0","3.456","Nein","00:05:24,8","3","00:23:00","00:23:13","--","--"
Laufbandtraining,2024-09-07 18:36:50,false,"Laufbandtraining","1,65","131","00:15:27","149","181","140","162","9:21","6:59","--","--","0,76","0,0","2.228","Nein","00:05:01,9","2","00:14:12","00:15:27","--","--"
Laufen,2024-09-05 11:43:32,false,"Roquebrune-sur-Argens Laufen","1,99","131","00:17:21","140","172","117","173","8:42","5:07","11","4","0,99","0,0","2.254","Nein","00:08:31,4","2","00:13:55","00:22:34","9","17"
Laufen,2024-08-30 07:40:10,false,"Nice Laufen","3,72","226","00:23:30","162","189","159","220","6:19","5:33","--","--","0,99","0,0","3.746","Nein","00:04:23,2","4","00:23:24","00:25:30","0","4"
Laufbandtraining,2024-08-27 18:08:23,false,"Laufbandtraining","3,47","278","00:32:25","151","193","143","171","9:21","6:11","--","--","0,75","0,0","4.684","Nein","00:03:38,0","4","00:31:52","00:32:25","--","--"
Laufen,2024-08-23 17:06:49,false,"Pliening Laufen","10,41","723","01:13:11","176","204","155","176","7:02","5:16","13","17","0,92","0,0","11.340","Nein","00:02:40,5","11","01:13:01","01:13:11","490","504"
Laufbandtraining,2024-08-19 17:33:03,false,"Laufbandtraining","1,81","120","00:17:05","134","158","146","153","9:28","7:40","--","--","0,72","0,0","2.494","Nein","00:07:23,1","2","00:17:00","00:17:05","--","--"
Laufbandtraining,2024-08-17 17:37:43,false,"Laufbandtraining","3,57","254","00:31:11","145","170","150","160","8:44","7:02","--","--","0,76","0,0","4.642","Nein","00:04:20,4","4","00:31:00","00:31:11","--","--"
Laufbandtraining,2024-08-10 12:20:09,false,"Laufbandtraining","1,02","62","00:10:07","125","139","143","150","9:54","8:48","--","--","0,70","0,0","1.468","Nein","00:00:12,2","2","00:10:00","00:10:07","--","--"
Laufbandtraining,2024-08-08 17:03:02,false,"Laufbandtraining","2,24","156","00:21:13","138","167","146","160","9:28","7:09","--","--","0,73","0,0","3.112","Nein","00:02:07,4","3","00:20:49","00:21:13","--","--"
Laufbandtraining,2024-08-04 17:40:09,false,"Laufbandtraining","2,72","170","00:26:20","132","142","145","155","9:40","8:21","--","--","0,71","0,0","3.832","Nein","00:06:59,5","3","00:25:52","00:26:20","--","--"
Laufbandtraining,2024-08-02 15:38:20,false,"Laufbandtraining","1,07","60","00:10:09","124","132","145","155","9:31","8:43","--","--","0,72","0,0","1.488","Nein","00:00:38,2","2","00:10:09","00:10:09","--","--"
Laufbandtraining,2024-07-28 17:37:31,false,"Laufbandtraining","2,14","135","00:20:49","131","142","145","156","9:44","8:40","--","--","0,71","0,0","3.024","Nein","00:01:20,6","3","00:20:49","00:20:49","--","--"
Laufen,2024-07-09 17:29:22,false,"Pliening Laufen","4,56","304","00:33:46","163","201","144","203","7:24","2:55","6","6","0,93","0,0","4.958","Nein","00:03:05,0","5","00:33:09","00:34:41","494","503"
Laufbandtraining,2024-06-30 16:53:13,false,"Laufbandtraining","2,40","141","00:23:45","127","136","145","163","9:54","7:17","--","--","0,84","0,0","3.456","Nein","00:00:37,8","4","00:23:32","00:25:58","--","--"
Laufbandtraining,2024-06-23 17:32:46,false,"Laufbandtraining","2,53","130","00:20:40","129","142","144","158","8:11","7:17","--","--","0,85","0,0","2.984","Nein","00:04:14,5","3","00:20:16","00:20:40","--","--"
Laufen,2024-04-14 16:58:03,false,"Pliening Laufen","3,77","220","00:31:23","146","165","140","163","8:19","6:21","4","6","0,86","0,0","4.492","Nein","00:06:07,0","4","00:31:12","00:31:23","497","504"
Laufen,2024-04-07 17:17:16,false,"Pliening Laufen","3,60","230","00:22:46","167","182","160","169","6:20","5:54","4","2","0,99","0,0","3.664","Nein","00:03:49,0","4","00:22:46","00:22:46","503","509"
Laufen,2024-03-30 17:26:35,false,"Pliening Laufen","4,25","276","00:36:17","150","172","139","169","8:33","6:20","4","4","0,84","0,0","5.212","Nein","00:02:07,4","5","00:35:57","00:36:17","501","505"
Laufbandtraining,2024-03-28 17:22:24,false,"Laufbandtraining","1,25","65","00:08:39,9","136","150","149","155","6:55","6:26","--","--","0,97","0,0","1.280","Nein","00:01:42,6","2","00:08:38","00:08:39,9","--","--"
Laufbandtraining,2024-03-23 17:10:52,false,"Laufbandtraining","1,86","99","00:13:27","136","151","146","157","7:15","6:17","--","--","0,94","0,0","1.972","Nein","00:06:13,7","2","00:13:06","00:13:27","--","--"
Laufbandtraining,2024-03-14 12:04:10,false,"Laufbandtraining","2,09","111","00:15:19","136","154","140","149","7:20","6:44","--","--","0,97","0,0","2.152","Nein","00:00:37,4","3","00:15:03","00:15:19","--","--"
Laufbandtraining,2024-03-13 12:31:47,false,"Laufbandtraining","1,30","62","00:10:12","124","137","131","147","7:51","6:38","--","--","0,97","0,0","1.414","Nein","00:02:05,7","2","00:09:08","00:10:12","--","--"
Laufbandtraining,2024-03-11 13:30:48,false,"Laufbandtraining","2,42","113","00:17:35","129","143","143","149","7:16","6:35","--","--","0,96","0,0","2.522","Nein","00:02:58,8","3","00:17:32","00:17:35","--","--"
Laufbandtraining,2024-03-09 18:30:16,false,"Laufbandtraining","1,47","62","00:10:47","122","134","147","156","7:20","6:30","--","--","0,93","0,0","1.602","Nein","00:03:15,5","2","00:10:35","00:10:47","--","--"
Laufbandtraining,2024-02-29 19:19:26,false,"Laufbandtraining","0,69","31","00:05:04,6","126","134","141","157","7:20","6:21","--","--","0,97","0,0","746","Nein","00:05:04,6","1","00:04:38","00:05:04,6","--","--"
Laufbandtraining,2024-02-26 17:42:37,false,"Laufbandtraining","2,80","127","00:20:11","132","142","148","155","7:13","6:35","--","--","0,94","0,0","2.970","Nein","00:05:41,9","3","00:20:04","00:20:11","--","--"
Laufbandtraining,2024-02-22 17:43:01,false,"Laufbandtraining","1,24","63","00:08:08,9","143","154","158","176","6:33","5:31","--","--","0,96","0,0","1.294","Nein","00:01:33,9","2","00:07:56,9","00:08:08,9","--","--"
Laufbandtraining,2024-02-20 18:33:43,false,"Laufbandtraining","3,61","225","00:23:16","167","181","160","167","6:27","5:44","--","--","0,97","0,0","3.730","Nein","00:03:53,4","4","00:22:58","00:23:16","--","--"
Laufbandtraining,2024-02-19 16:57:44,false,"Laufbandtraining","1,42","63","00:10:09","129","139","150","157","7:08","6:24","--","--","0,93","0,0","1.516","Nein","00:02:57,1","2","00:10:08","00:10:09","--","--"
Laufbandtraining,2024-02-15 17:32:33,false,"Laufbandtraining","1,09","50","00:10:13","117","133","114","155","9:24","6:21","--","--","0,93","0,0","1.310","Nein","00:00:41,9","2","00:07:54","00:10:13","--","--"
Laufbandtraining,2024-01-25 17:16:36,false,"Einstufungslauf","1,25","57","00:09:00","131","140","148","157","7:10","6:31","--","--","0,94","0,0","1.330","Nein","00:02:00","3","00:08:59","00:09:00","--","--"
Laufbandtraining,2024-01-22 17:32:41,false,"Laufbandtraining","1,52","76","00:10:14","141","156","157","167","6:44","6:01","--","--","0,95","0,0","1.610","Nein","00:03:22,8","2","00:10:14","00:10:14","--","--"
Laufbandtraining,2024-01-15 17:36:04,false,"Laufbandtraining","1,81","81","00:10:12","147","181","169","199","5:38","4:15","--","--","1,04","0,0","1.748","Nein","00:03:53,9","2","00:09:53,9","00:10:12","--","--"
Laufbandtraining,2024-01-11 17:25:03,false,"Laufbandtraining","1,63","78","00:10:16","144","179","162","196","6:19","4:16","--","--","0,97","0,0","1.674","Nein","00:03:22,7","2","00:10:15","00:10:16","--","--"
Laufbandtraining,2024-01-08 17:32:25,false,"Laufbandtraining","1,89","86","00:10:14","154","195","174","194","5:26","4:25","--","--","1,06","0,0","1.810","Nein","00:04:22,7","2","00:10:02","00:10:14","--","--"
Laufbandtraining,2024-01-04 17:49:23,false,"Laufbandtraining","1,98","93","00:10:26","160","201","176","194","5:15","4:19","--","--","1,08","0,0","1.838","Nein","00:04:34,3","2","00:10:25","00:10:26","--","--"
Laufen,2023-12-29 16:19:18,false,"Pliening Laufen","2,91","141","00:18:41","144","161","159","208","6:24","3:15","7","2","0,98","0,0","3.002","Nein","00:05:33,7","3","00:17:47","00:18:58","503","509"
Laufbandtraining,2023-12-27 17:49:47,false,"Laufbandtraining","2,13","113","00:13:32","155","188","162","192","6:21","4:15","--","--","0,96","0,0","2.238","Nein","00:00:36,7","3","00:13:14","00:13:32","--","--"
Laufbandtraining,2023-12-25 17:12:24,false,"Laufbandtraining","1,86","86","00:10:13","156","180","176","196","5:29","4:19","--","--","1,04","0,0","1.806","Nein","00:04:25,3","2","00:10:00","00:10:13","--","--"
Laufbandtraining,2023-12-14 18:14:23,false,"Laufbandtraining","2,03","98","00:10:43","167","197","179","194","5:17","4:10","--","--","1,06","0,0","1.902","Nein","00:00:10,8","3","00:10:38","00:10:43","--","--"
Laufen,2023-11-21 09:04:18,false,"Pliening Laufen","2,91","149","00:20:13","141","155","158","184","6:58","5:11","4","--","0,91","0,0","3.230","Nein","00:06:17,2","3","00:19:33","00:20:13","503","508"
Laufen,2023-10-03 12:15:03,false,"Anzing Laufen","5,10","346","00:29:54","199","215","160","212","5:52","2:19","10","8","1,09","0,0","4.898","Nein","00:01:37,0","6","00:28:26","00:29:54","530","542"
Laufen,2023-09-30 17:07:23,false,"Pliening Laufen","4,01","224","00:22:00","181","202","170","183","5:29","4:55","2","2","1,08","0,0","3.758","Nein","00:00:03,7","5","00:21:51","00:22:06","501","504"
Laufen,2023-09-16 17:33:39,false,"Pliening Laufen","3,29","199","00:23:52","159","182","150","200","7:15","5:22","2","--","0,91","0,0","3.552","Nein","00:01:00,4","7","00:23:51","00:24:17","502","506"
Laufen,2023-09-14 17:30:12,false,"Pliening Laufen","3,83","228","00:22:50","179","208","154","192","5:57","3:27","8","7","1,08","0,0","3.648","Nein","00:00:54,9","7","00:22:25","00:23:16","503","513"
Laufen,2023-08-10 17:42:55,false,"Pliening Laufen","3,40","192","00:23:58","154","194","151","176","7:03","4:53","2","2","0,94","0,0","3.640","Nein","00:02:15,7","4","00:22:59","00:25:34","501","505"
Laufen,2023-07-31 19:03:48,false,"München Laufen","6,01","360","00:37:27","178","209","164","196","6:14","3:45","10","6","0,98","0,0","6.140","Nein","00:00:04,2","7","00:37:19","00:37:27","535","546"
Laufen,2023-07-27 17:28:38,false,"Pliening Laufen","4,12","224","00:32:35","148","164","152","161","7:55","6:13","4","2","0,83","0,0","4.928","Nein","00:00:52,9","5","00:32:34","00:32:35","503","509"
Laufen,2023-07-24 18:39:24,false,"Pliening Laufen","4,42","242","00:37:31","147","165","153","163","8:29","7:25","13","6","0,77","0,0","5.718","Nein","00:03:34,7","5","00:37:22","00:37:40","501","512"
Laufen,2023-07-17 17:02:33,false,"Pliening Laufen","6,02","394","00:36:44","181","208","167","190","6:06","4:44","2","6","0,98","0,0","6.128","Nein","00:00:06,0","7","00:36:42","00:36:44","495","504"
Laufen,2023-07-10 19:02:41,false,"München Laufen","6,03","402","00:39:16","177","208","164","215","6:31","2:38","8","9","0,94","0,0","6.414","Nein","00:00:09,5","7","00:39:15","00:39:16","534","545"
Laufen,2023-07-03 19:05:28,false,"München Laufen","6,14","393","00:37:12","177","200","163","199","6:04","3:22","8","8","1,01","0,0","6.086","Nein","00:00:43,0","7","00:37:11","00:37:12","529","539"
Laufen,2023-06-26 19:04:18,false,"München Laufen","4,96","334","00:29:21","183","204","163","200","5:55","3:50","8","7","1,04","0,0","4.816","Nein","00:05:32,8","5","00:29:08","00:29:22","535","544"
Laufen,2023-06-19 19:03:54,false,"München Laufen","4,94","361","00:30:59","184","211","154","219","6:17","2:35","9","6","1,04","0,0","4.848","Nein","00:04:52,6","5","00:29:06","00:30:59","535","544"
Laufen,2023-06-12 19:20:17,false,"München Laufen","3,26","210","00:21:39","160","190","161","176","6:39","4:44","4","16","0,93","0,0","3.472","Nein","00:01:22,2","4","00:21:38","00:21:39","524","529"
Laufen,2023-05-21 17:11:32,false,"Pliening Laufen","4,20","303","00:33:53","156","172","152","170","8:04","2:31","4","6","0,82","0,0","5.144","Nein","00:01:34,0","5","00:33:43","00:34:15","496","503"
Laufen,2023-05-07 16:56:05,false,"Pliening Laufen","4,37","280","00:34:20","153","170","150","166","7:52","6:07","4","4","0,85","0,0","5.182","Nein","00:03:26,9","5","00:33:44","00:34:20","499","504"
Laufen,2023-04-05 16:39:30,false,"Pliening Laufen","3,20","205","00:23:23","153","168","158","170","7:18","0:58","6","2","0,87","0,0","3.700","Nein","00:01:29,4","4","00:23:02","00:24:12","499","507"
Laufbandtraining,2023-03-27 18:43:21,false,"Laufbandtraining","1,17","82","00:09:54,8","138","158","145","158","8:30","7:32","--","--","0,81","0,0","1.460","Nein","00:01:33,4","2","00:09:31","00:09:54,8","--","--"
Laufbandtraining,2022-12-22 17:53:54,false,"Laufbandtraining","3,50","274","00:30:24","148","163","143","149","8:41","7:44","--","--","0,81","0,0","4.332","Nein","00:04:14,5","4","00:30:23","00:30:24","--","--"
Laufbandtraining,2022-12-08 18:20:29,false,"Laufbandtraining","1,18","77","00:10:11","131","147","146","153","8:36","7:56","--","--","0,80","0,0","1.486","Nein","00:01:32,3","2","00:10:11","00:10:11","--","--"
Laufbandtraining,2022-12-05 18:07:46,false,"Laufbandtraining","1,82","101","00:15:36","123","136","145","155","8:34","7:44","--","--","0,81","0,0","2.290","Nein","00:06:54,5","2","00:15:06","00:15:36","--","--"
Laufen,2022-09-13 17:43:28,false,"Pliening Laufen","2,99","196","00:25:44","147","174","143","219","8:37","1:47","4","2","0,81","0,0","3.742","Nein","00:01:04,6","8","00:25:42","00:25:44","497","507"
Laufbandtraining,2022-04-19 10:58:31,false,"Laufbandtraining","2,39","166","00:22:42","134","146","133","153","9:30","7:56","--","--","0,79","0,0","3.160","Nein","00:04:59,9","3","00:20:27","00:24:26","--","--"
Laufbandtraining,2022-04-02 17:40:36,false,"Laufbandtraining","6,61","326","00:54:04","128","138","146","155","8:11","7:34","--","--","0,84","0,0","7.900","Nein","00:04:59,6","7","00:53:50","00:54:04","--","--"
Laufen,2022-03-19 17:24:09,false,"Pliening Laufen","7,04","412","00:54:45","151","168","158","210","7:47","2:53","8","8","0,81","0,0","8.630","Nein","00:00:22,8","8","00:54:29","00:58:44","496","504"
Laufbandtraining,2022-03-17 18:08:07,false,"Laufbandtraining","2,54","171","00:21:49","137","152","142","151","8:35","7:44","--","--","0,82","0,0","3.128","Nein","00:04:44,2","3","00:21:28","00:21:49","--","--"
Laufbandtraining,2022-03-15 19:17:28,false,"Laufbandtraining","2,48","185","00:21:39","144","162","140","152","8:44","7:50","--","--","0,82","0,0","3.082","Nein","00:04:33,1","3","00:20:54","00:21:39","--","--"
Laufbandtraining,2022-03-01 18:12:59,false,"Laufbandtraining","3,00","188","00:23:55","145","178","152","174","7:58","6:10","--","--","0,83","0,0","3.602","Nein","00:07:53,7","3","00:23:35","00:23:55","--","--"
Laufbandtraining,2022-02-22 18:06:16,false,"Laufbandtraining","5,08","267","00:43:08","135","152","144","155","8:29","7:30","--","--","0,82","0,0","6.256","Nein","00:01:06,2","6","00:42:24","00:43:08","--","--"
Laufbandtraining,2022-02-20 18:07:04,false,"Laufbandtraining","2,52","158","00:20:44","145","159","148","155","8:14","7:36","--","--","0,82","0,0","3.060","Nein","00:04:27,1","3","00:20:30","00:20:44","--","--"
Laufbandtraining,2022-02-17 17:46:24,false,"Laufbandtraining","5,08","283","00:42:31","140","155","146","156","8:23","7:27","--","--","0,82","0,0","6.184","Nein","00:00:52,9","6","00:41:56","00:42:31","--","--"
Laufbandtraining,2022-02-08 17:52:51,false,"Laufbandtraining","5,32","313","00:43:53","144","158","147","155","8:15","7:30","--","--","0,83","0,0","6.456","Nein","00:02:50,2","6","00:43:23","00:43:53","--","--"
Laufbandtraining,2022-01-29 18:29:32,false,"Laufbandtraining","3,92","248","00:32:39","148","159","147","156","8:19","7:40","--","--","0,82","0,0","4.806","Nein","00:07:56,6","4","00:32:02","00:32:39","--","--"
Laufen,2022-01-24 07:03:14,false,"Pliening Laufen","10,50","624","01:14:39","166","195","162","219","7:07","2:10","15","15","0,87","0,0","12.152","Nein","00:03:53,0","11","01:14:31","01:14:39","490","504"
Laufbandtraining,2022-01-21 18:04:02,false,"Laufbandtraining","3,86","210","00:30:04","141","159","148","156","7:48","6:41","--","--","0,87","0,0","4.430","Nein","00:06:55,0","4","00:29:47","00:30:04","--","--"
Laufbandtraining,2022-01-18 17:59:31,false,"Laufbandtraining","5,24","295","00:40:45","144","161","149","155","7:47","6:27","--","--","0,86","0,0","6.026","Nein","00:02:04,2","6","00:40:27","00:40:45","--","--"
Laufbandtraining,2022-01-08 20:33:56,false,"Laufbandtraining","5,71","337","00:44:51","148","163","148","157","7:51","6:52","--","--","0,86","0,0","6.644","Nein","00:05:41,8","6","00:44:06","00:44:51","--","--"
Laufen,2022-01-04 12:10:39,false,"Pliening Laufen","4,68","286","00:36:55","162","207","156","224","7:53","2:06","9","4","0,82","0,0","5.770","Nein","00:04:41,7","5","00:36:18","00:36:55","501","511"
Laufen,2022-01-02 12:03:20,false,"Pliening Laufen","6,59","372","00:39:11","176","190","169","178","5:57","5:01","6","2","1,00","0,0","6.628","Nein","00:03:48,4","7","00:39:04","00:39:11","498","506"
Laufen,2021-12-31 12:26:17,false,"Pliening Laufen","5,88","356","00:42:40","168","184","160","170","7:15","5:36","4","2","0,86","0,0","6.868","Nein","00:06:40,6","6","00:42:12","00:42:40","500","507"
Laufbandtraining,2021-12-28 17:32:31,false,"Laufbandtraining","4,01","242","00:33:20","146","161","144","155","8:18","7:27","--","--","0,83","0,0","4.816","Nein","00:00:09,3","5","00:32:41","00:43:07","--","--"
Laufbandtraining,2021-12-26 17:24:49,false,"Laufbandtraining","5,27","274","00:43:04","138","155","146","156","8:11","6:43","--","--","0,84","0,0","6.312","Nein","00:02:19,7","6","00:42:39","00:43:04","--","--"
Laufbandtraining,2021-12-23 12:05:16,false,"Laufbandtraining","7,38","346","01:00:49","135","154","146","158","8:14","7:04","--","--","0,83","0,0","8.890","Nein","00:03:11,3","8","00:59:33","01:00:49","--","--"
Laufbandtraining,2021-12-21 12:23:07,false,"Laufbandtraining","5,04","247","00:40:51","135","148","148","158","8:06","6:40","--","--","0,83","0,0","6.064","Nein","00:00:53,1","6","00:40:15","00:40:51","--","--"
Laufbandtraining,2021-12-19 12:33:43,false,"Laufbandtraining","6,88","372","01:00:18","139","163","137","163","8:46","5:57","--","--","0,83","0,0","8.596","Nein","00:07:03,1","7","00:53:51","01:00:18","--","--"
Laufbandtraining,2021-12-16 17:58:13,false,"Laufbandtraining","5,31","276","00:41:06","141","176","154","165","7:44","5:45","--","--","0,84","0,0","6.324","Nein","00:02:21,6","6","00:40:56","00:41:06","--","--"
Laufbandtraining,2021-12-12 18:03:50,false,"Laufbandtraining","5,38","293","00:42:42","144","158","150","159","7:56","5:56","--","--","0,84","0,0","6.424","Nein","00:03:40,6","6","00:41:54","00:42:42","--","--"
Laufbandtraining,2021-12-07 17:59:43,false,"Laufbandtraining","5,42","334","00:40:45","158","177","152","163","7:31","5:39","--","--","0,87","0,0","6.228","Nein","00:03:49,2","6","00:40:07","00:40:45","--","--"
Laufbandtraining,2021-12-05 18:03:48,false,"Laufbandtraining","2,85","141","00:22:59","133","145","148","156","8:03","6:26","--","--","0,84","0,0","3.400","Nein","00:06:51,5","3","00:22:32","00:22:59","--","--"
Laufbandtraining,2021-12-01 13:03:25,false,"Laufbandtraining","2,92","169","00:21:46","149","169","154","160","7:27","5:54","--","--","0,87","0,0","3.368","Nein","00:06:40,4","3","00:21:30","00:21:46","--","--"
Laufbandtraining,2021-11-28 18:11:38,false,"Laufbandtraining","3,87","252","00:30:29","156","169","150","162","7:53","6:05","--","--","0,85","0,0","4.582","Nein","00:06:52,1","4","00:29:29","00:30:44","--","--"
Laufbandtraining,2021-11-27 12:31:15,false,"Laufbandtraining","3,88","236","00:30:27","150","164","151","163","7:50","7:09","--","--","0,84","0,0","4.588","Nein","00:06:56,4","4","00:30:21","00:30:27","--","--"
Laufbandtraining,2021-11-25 13:18:59,false,"Laufbandtraining","5,54","358","00:45:05","154","165","146","159","8:08","5:50","--","--","0,84","0,0","6.664","Nein","00:05:44,0","6","00:43:07","00:45:05","--","--"
Laufen,2021-11-16 16:28:10,false,"Pliening Laufen","2,91","160","00:17:59","169","202","170","224","6:11","2:34","2","--","0,95","0,0","3.028","Nein","00:05:36,1","3","00:17:52","00:17:59","502","508"
Laufen,2021-11-14 12:39:06,false,"Pliening Laufen","3,87","219","00:31:09","157","171","161","177","8:04","6:40","4","4","0,77","0,0","5.044","Nein","00:06:54,5","4","00:30:50","00:31:26","499","505"
Laufen,2021-11-13 12:27:27,false,"Pliening Laufen","5,45","308","00:41:08","155","170","162","172","7:33","6:35","2","2","0,82","0,0","6.686","Nein","00:03:36,2","6","00:40:58","00:41:08","501","505"
Laufbandtraining,2021-11-08 17:50:40,false,"Locker laufen","5,21","308","00:40:00","152","167","151","158","7:41","6:31","--","--","0,86","0,0","6.008","Nein","00:02:24,6","7","00:39:34","00:42:04","--","--"
Laufbandtraining,2021-11-06 17:58:25,false,"Locker laufen","6,45","360","00:50:31","148","168","148","163","7:50","6:40","--","--","0,86","0,0","7.512","Nein","00:00:30,8","9","00:48:43","00:50:31","--","--"
Laufen,2021-11-04 08:29:57,false,"Pliening - Locker laufen","5,41","306","00:40:25","163","198","161","221","7:28","2:33","2","7","0,83","0,0","6.518","Nein","00:00:25,1","8","00:39:59","00:41:49","493","504"
Laufen,2021-10-31 16:34:47,false,"Pliening - Locker laufen","5,29","293","00:32:52","176","194","168","186","6:13","5:05","2","4","0,95","0,0","5.538","Nein","00:00:11,7","8","00:32:42","00:32:55","499","505"
Laufen,2021-10-25 16:31:16,false,"Pliening Laufen","17,08","1.017","01:51:14","181","192","165","174","6:31","5:49","154","145","0,93","0,0","18.348","Nein","00:00:32,8","18","01:50:56","01:51:14","489","511"
Laufen,2021-10-16 15:20:19,false,"Pliening - Gleichmäßiger Lauf","4,80","288","00:31:55","179","205","163","210","6:39","5:01","4","4","0,92","0,0","5.220","Nein","00:00:03,5","8","00:31:17","00:32:41","498","504"
Laufbandtraining,2021-10-14 19:13:12,false,"Locker laufen","4,05","227","00:30:04","152","170","150","160","7:26","6:55","--","--","0,90","0,0","4.498","Nein","00:00:03,6","6","00:29:57","00:30:04","--","--"
Laufen,2021-10-13 16:46:52,false,"Pliening - Locker laufen","6,18","379","00:38:27","185","203","171","218","6:13","5:33","--","2","0,94","0,0","6.562","Nein","00:02:16,5","8","00:38:01","00:38:27","499","505"
Laufen,2021-10-10 17:34:03,false,"Pliening - Locker laufen","6,37","372","00:45:22","163","179","163","184","7:07","5:31","6","6","0,86","0,0","7.396","Nein","00:01:53,4","9","00:45:03","00:45:28","496","504"
Laufen,2021-10-09 18:00:16,false,"Pliening - Einstufungslauf","5,40","315","00:38:01","168","200","162","226","7:02","2:37","4","4","0,88","0,0","6.156","Nein","00:00:38,4","8","00:37:47","00:38:04","495","505"
Laufen,2021-10-07 17:47:19,false,"Pliening Laufen","5,75","334","00:42:15","166","195","162","231","7:21","1:41","2","2","0,84","0,0","6.834","Nein","00:05:47,7","6","00:41:47","00:42:15","500","505"
Laufen,2021-09-26 13:45:02,false,"Erding Laufen","5,42","321","00:28:14","207","220","178","186","5:13","4:30","5","5","1,08","0,0","5.018","Nein","00:02:15,8","6","00:28:08","00:28:14","473","479"
Laufen,2021-09-24 18:05:21,false,"Pliening Laufen","3,08","158","00:23:53","144","174","155","219","7:46","0:55","8","2","0,83","0,0","3.780","Nein","00:00:27,3","8","00:23:31","00:29:21","501","505"
Laufen,2021-09-21 18:32:32,false,"Pliening Laufen","7,81","422","01:02:26","147","161","160","224","8:00","6:07","4","13","0,78","0,0","10.040","Nein","00:06:23,1","8","01:01:40","01:03:05","490","504"
Laufen,2021-09-18 17:48:52,false,"Pliening - Intervall","7,48","412","00:49:38","172","200","165","194","6:38","4:44","6","4","0,90","0,0","8.220","Nein","00:01:38,7","14","00:49:20","00:49:38","498","505"
Laufen,2021-09-17 18:03:31,false,"Pliening Laufen","6,29","351","00:48:02","154","171","158","167","7:38","6:37","4","2","0,83","0,0","7.632","Nein","00:02:22,9","7","00:47:50","00:48:23","499","506"
Laufen,2021-09-16 17:17:44,false,"Pliening Laufen","8,03","448","01:03:46","156","172","153","166","7:56","6:37","4","6","0,82","0,0","9.824","Nein","00:00:15,4","9","01:03:02","01:04:20","497","504"
Laufen,2021-09-14 18:07:20,false,"Pliening Laufen","4,14","238","00:32:33","163","179","154","163","7:52","6:26","4","2","0,83","0,0","5.006","Nein","00:01:01,8","5","00:32:22","00:39:49","502","509"
Laufen,2021-09-12 12:15:55,false,"Pliening - Intervall","7,23","460","00:50:19","188","218","159","226","6:57","4:16","6","6","0,89","0,0","7.978","Nein","00:00:05,8","26","00:50:16","00:50:19","496","505"
Laufen,2021-09-08 18:58:59,false,"Pliening Laufen","4,04","223","00:32:55","155","172","154","171","8:09","5:52","4","6","0,80","0,0","5.076","Nein","00:00:16,8","5","00:32:29","00:32:55","496","503"
Laufen,2021-09-06 12:25:50,false,"Pliening Laufen","6,79","427","00:46:24","185","199","161","169","6:50","6:11","6","9","0,91","0,0","7.494","Nein","00:05:34,7","7","00:46:21","00:46:24","508","517"
Laufen,2021-09-03 13:51:29,false,"Pliening Laufen","5,47","359","00:38:04","188","206","161","173","6:58","6:19","6","6","0,89","0,0","6.152","Nein","00:03:17,5","6","00:37:51","00:38:20","496","504"
Laufen,2021-08-25 17:41:34,false,"Cabris Laufen","1,89","117","00:14:50","158","195","156","173","7:50","6:23","35","37","0,82","0,0","2.384","Nein","00:06:40,5","2","00:14:30","00:16:21","479","507"
Laufen,2021-08-16 16:07:39,false,"Pliening Laufen","8,04","465","00:55:23","166","177","163","172","6:54","6:05","26","33","0,89","0,0","9.050","Nein","00:00:16,4","9","00:55:02","00:55:23","489","502"
Laufen,2021-08-10 12:04:15,false,"Pliening - Intervall-Training 45","7,15","455","00:49:30","187","214","160","218","6:55","4:40","11","11","0,89","0,0","7.988","Nein","00:02:00","16","00:49:30","00:49:30","502","512"
Laufen,2021-08-08 17:39:36,false,"Pliening Laufen","6,14","328","00:54:12","153","166","155","170","8:50","6:57","6","11","0,73","0,0","8.384","Nein","00:01:13,0","7","00:54:10","00:54:12","497","510"
Laufen,2021-08-06 15:28:19,false,"Pliening Laufen","2,89","165","00:21:47","165","203","156","213","7:31","3:03","2","2","0,85","0,0","3.456","Nein","00:06:33,8","3","00:21:37","00:21:47","499","505"
Laufen,2021-08-04 16:13:59,false,"Pliening Laufen","7,42","400","01:02:57","155","171","156","220","8:29","6:38","10","10","0,76","0,0","9.832","Nein","00:03:54,0","8","01:02:26","01:03:23","496","504"
Laufen,2021-08-02 16:57:25,false,"Pliening Laufen","5,50","325","00:40:29","170","188","159","174","7:22","5:55","9","6","0,85","0,0","6.440","Nein","00:03:45,2","6","00:40:18","00:40:29","503","512"
Laufen,2021-07-29 12:10:49,false,"Pliening Laufen","6,07","343","00:47:03","160","175","159","172","7:45","6:38","2","2","0,81","0,0","7.496","Nein","00:00:31,3","7","00:46:45","00:47:35","498","504"
Laufen,2021-07-25 16:28:28,false,"Pliening Laufen","7,23","425","00:54:18","166","180","161","172","7:30","6:23","2","4","0,83","0,0","8.734","Nein","00:02:21,1","8","00:53:35","00:54:18","498","505"
Laufen,2021-07-22 14:10:08,false,"Pliening Laufen","10,37","691","01:12:26","187","209","160","190","6:59","4:50","15","13","0,89","0,0","11.658","Nein","00:02:36,2","11","01:12:03","01:12:26","494","506"
Laufen,2021-07-18 17:11:30,false,"Pliening Laufen","5,32","328","00:37:10","173","191","160","174","6:59","6:00","4","2","0,90","0,0","5.980","Nein","00:02:41,7","6","00:36:25","00:41:28","499","505"
Laufen,2021-07-16 17:17:18,false,"Pliening Laufen","5,32","357","00:34:15","192","208","165","172","6:26","5:54","6","6","0,94","0,0","5.644","Nein","00:02:14,0","6","00:34:15","00:34:15","493","500"
Laufen,2021-07-14 17:03:54,false,"Pliening Laufen","4,21","271","00:27:26","185","198","164","176","6:31","5:47","5","4","0,94","0,0","4.584","Nein","00:01:52,3","5","00:27:12","00:27:26","489","495"
Laufen,2021-07-12 17:22:36,false,"Pliening Laufen","4,19","282","00:30:07","178","201","156","174","7:11","5:47","6","6","0,89","0,0","4.758","Nein","00:01:38,1","5","00:29:32","00:30:07","487","494"
Laufen,2021-06-29 15:52:49,false,"Pliening Laufen","3,63","222","00:26:13","171","205","152","230","7:14","1:40","6","2","0,91","0,0","4.012","Nein","00:05:09,4","4","00:26:00","00:27:37","492","500"
Laufen,2021-06-27 17:03:10,false,"Pliening Laufen","6,51","418","00:46:29","179","195","157","163","7:08","6:12","4","4","0,89","0,0","7.306","Nein","00:03:36,0","7","00:46:07","00:46:29","496","503"
Laufen,2021-06-26 18:44:10,false,"Pliening Laufen","4,43","267","00:27:23","191","210","164","177","6:11","5:06","6","4","0,99","0,0","4.510","Nein","00:02:39,4","5","00:27:07","00:32:54","488","495"
Laufen,2021-06-23 16:43:21,false,"Pliening Laufen","3,94","218","00:29:57","170","190","158","221","7:37","2:27","4","2","0,83","0,0","4.766","Nein","00:07:10,8","4","00:29:45","00:31:16","488","494"
Laufen,2021-06-22 17:41:23,false,"Pliening Laufen","4,59","256","00:39:52","158","169","153","171","8:41","7:27","2","4","0,75","0,0","6.104","Nein","00:05:29,2","5","00:39:31","00:39:52","488","494"
Laufen,2021-06-20 17:43:35,false,"Pliening - Key Endurance Run 45-60 @ Z2","5,77","331","00:43:41","170","194","153","191","7:34","3:51","4","2","0,87","0,0","6.792","Nein","00:01:19,2","8","00:42:44","00:49:51","488","495"
Laufbandtraining,2021-06-19 11:43:25,false,"Laufbandtraining","3,66","192","00:26:34","149","164","155","162","7:16","6:54","--","--","0,89","0,0","4.116","Nein","00:04:47,7","4","00:26:19","00:26:34","--","--"
Laufen,2021-06-18 18:48:11,false,"Pliening - Supporting Run 30 @ Z2","1,38","92","00:11:33","168","185","132","172","8:21","5:58","--","--","0,91","0,0","1.666","Nein","00:01:33,3","3","00:10:24","00:11:37","491","495"
Laufen,2021-06-15 17:31:07,false,"Pliening Laufen","3,96","232","00:31:31","167","189","157","175","7:58","7:04","4","6","0,80","0,0","4.974","Nein","00:07:36,1","4","00:31:15","00:31:41","496","504"
Laufen,2021-06-13 17:19:07,false,"Pliening - Key Endurance Run 45-60 @ Z2","6,01","351","00:51:05","160","172","154","165","8:30","7:19","6","6","0,77","0,0","7.932","Nein","00:01:34,0","8","00:50:51","00:51:23","487","495"
Laufen,2021-06-06 17:47:47,false,"Pliening - Key Endurance Run 45-60 @ Z2","6,94","415","00:53:50","171","189","159","173","7:46","6:55","6","6","0,81","0,0","8.578","Nein","00:01:04,9","10","00:53:42","00:53:50","486","496"
Laufen,2021-06-04 08:37:10,false,"Manerba del Garda - Supporting Run 30 @ Z2","4,82","300","00:40:14","163","196","159","182","8:21","7:19","101","105","0,75","0,0","6.436","Nein","00:01:15,4","7","00:40:03","00:42:11","58","116"
Laufen,2021-06-01 15:35:53,false,"Pliening Laufen","7,21","492","00:53:20","184","199","156","167","7:24","6:17","15","13","0,87","0,0","8.382","Nein","00:00:21,5","9","00:52:47","00:53:20","492","500"
Laufbandtraining,2021-05-27 17:50:49,false,"Supporting Run 30 @ Z2","2,51","152","00:28:15","129","147","123","163","11:14","6:47","--","--","0,66","0,0","3.812","Nein","00:01:49,8","6","00:19:42","00:28:15","--","--"
Laufen,2021-05-23 12:36:06,false,"Pliening Laufen","3,78","250","00:25:08","182","207","163","176","6:39","5:46","4","4","0,92","0,0","4.122","Nein","00:05:33,2","4","00:25:04","00:25:08","489","495"
Laufen,2021-05-09 16:10:41,false,"Pliening - Locker laufen","7,13","470","00:51:40","179","197","157","170","7:15","6:01","11","6","0,88","0,0","8.214","Nein","00:01:39,6","9","00:50:26","00:52:21","487","498"
Laufen,2021-05-08 11:40:22,false,"Pliening - Locker laufen","4,55","302","00:30:00","184","202","162","178","6:36","5:44","4","4","0,94","0,0","4.966","Nein","00:03:41,8","6","00:29:24","00:30:06","489","495"
Laufen,2021-05-06 16:54:23,false,"Pliening - Locker laufen","4,38","276","00:30:00","174","188","159","174","6:51","6:00","2","2","0,92","0,0","4.814","Nein","00:03:27,1","6","00:29:23","00:30:00","492","497"
Laufbandtraining,2021-05-05 12:36:56,false,"Einstufungslauf","3,02","161","00:20:38","148","165","153","163","6:51","6:21","--","--","0,95","0,0","3.170","Nein","00:02:00","5","00:20:01","00:20:41","--","--"
Laufen,2021-04-29 17:28:17,false,"Pliening - Gleichmäßiger Lauf","5,46","336","00:34:39","179","191","168","176","6:21","5:46","10","8","0,94","0,0","5.842","Nein","00:02:00","7","00:34:30","00:34:39","493","504"
Laufen,2021-04-28 11:33:01,false,"Pliening - Tempolauf","3,22","179","00:19:14","171","204","167","188","5:59","4:58","2","2","1,00","0,0","3.270","Nein","00:03:24,1","4","00:18:54","00:19:14","491","494"
Laufen,2021-04-27 18:20:29,false,"Pliening - Laufen","3,10","194","00:19:44","178","199","164","176","6:22","5:35","4","2","0,96","0,0","3.284","Nein","00:00:29,6","6","00:19:21","00:22:21","490","497"
Laufen,2021-04-24 11:58:46,false,"Pliening - Locker laufen","10,22","720","01:09:18","188","205","159","226","6:47","5:26","11","12","0,93","0,0","11.268","Nein","00:01:22,3","13","01:09:03","01:10:51","481","494"
Laufen,2021-04-21 12:39:35,false,"Pliening - Einstufungslauf","4,02","253","00:26:02","178","197","170","180","6:29","5:50","4","4","0,91","0,0","4.418","Nein","00:02:00","6","00:25:52","00:26:05","503","510"
Laufbandtraining,2021-04-18 18:28:15,false,"Laufbandtraining","4,04","253","00:30:24","153","173","149","165","7:31","6:34","--","--","0,89","0,0","4.538","Nein","00:00:50,0","5","00:28:25","00:30:24","--","--"
Laufbandtraining,2021-04-15 18:12:18,false,"Laufbandtraining","0,73","46","00:05:28,7","150","163","149","162","7:28","6:43","--","--","0,90","0,0","818","Nein","00:05:28,7","1","00:05:13","00:05:28,7","--","--"
Laufbandtraining,2021-04-14 12:53:20,false,"Einstufungslauf","1,41","67","00:10:28","131","145","151","172","7:24","6:34","--","--","0,89","0,0","1.608","Nein","00:01:27,6","4","00:09:56","00:11:15","--","--"
Laufen,2021-04-09 12:11:51,false,"Pliening Laufen","4,02","258","00:26:55","175","201","163","235","6:42","5:30","2","--","0,91","0,0","4.504","Nein","00:00:06,9","5","00:26:31","00:37:36","491","495"
Laufbandtraining,2021-04-07 10:53:58,false,"Laufbandtraining","2,14","130","00:15:11","155","173","158","167","7:05","6:34","--","--","0,89","0,0","2.396","Nein","00:01:01,9","3","00:14:52","00:15:11","--","--"
Laufen,2021-03-30 17:19:54,false,"Pliening Laufen","4,72","313","00:33:53","172","191","152","203","7:11","5:49","4","4","0,92","0,0","5.272","Nein","00:04:59,0","5","00:31:34","00:35:05","500","507"
Laufen,2021-03-28 18:00:50,false,"Pliening Laufen","3,82","242","00:23:40","180","198","167","178","6:12","5:28","4","4","0,96","0,0","3.984","Nein","00:04:46,8","4","00:23:27","00:23:58","489","495"
Laufbandtraining,2021-03-27 16:32:46,false,"Laufbandtraining","1,43","83","00:10:07","147","173","158","165","7:06","6:30","--","--","0,89","0,0","1.598","Nein","00:02:52,7","2","00:10:03","00:10:07","--","--"
Laufen,2021-03-25 16:58:15,false,"Pliening Laufen","3,44","202","00:23:54","161","188","160","178","6:57","4:31","2","2","0,90","0,0","3.942","Nein","00:02:41,2","4","00:23:36","00:29:13","490","496"
Laufbandtraining,2021-03-22 18:30:52,false,"Laufbandtraining","1,47","101","00:10:39","167","188","163","178","7:16","6:17","--","--","0,84","0,0","1.758","Nein","00:03:04,6","2","00:10:38","00:10:39","--","--"
Laufbandtraining,2021-03-17 18:34:38,false,"Laufbandtraining","2,85","183","00:20:10","162","185","163","176","7:05","6:12","--","--","0,87","0,0","3.292","Nein","00:05:43,1","3","00:19:59","00:20:10","--","--"
Laufbandtraining,2021-03-14 18:25:25,false,"Laufbandtraining","2,36","157","00:20:52","143","156","148","163","8:51","7:04","--","--","0,77","0,0","3.110","Nein","00:03:11,7","3","00:19:36","00:21:59","--","--"
Laufbandtraining,2021-03-05 18:30:14,false,"Laufbandtraining","0,99","62","00:07:08,3","155","167","162","169","7:14","6:35","--","--","0,85","0,0","1.160","Nein","00:07:08,3","1","00:07:08,3","00:07:08,3","--","--"
Laufbandtraining,2021-03-04 16:48:46,false,"Laufbandtraining","1,43","86","00:10:06","156","177","165","178","7:03","6:20","--","--","0,86","0,0","1.674","Nein","00:03:03,9","2","00:10:05","00:10:06","--","--"
Laufbandtraining,2021-02-28 17:51:04,false,"Laufbandtraining","1,38","80","00:11:06","138","154","157","162","8:01","6:52","--","--","0,80","0,0","1.754","Nein","00:02:56,9","2","00:11:04","00:11:06","--","--"
Laufbandtraining,2021-02-27 17:17:38,false,"Laufbandtraining","1,31","94","00:10:16","165","186","156","171","7:51","6:31","--","--","0,82","0,0","1.610","Nein","00:02:29,3","2","00:09:46","00:10:16","--","--"
Laufbandtraining,2021-02-25 17:36:31,false,"Laufbandtraining","1,41","99","00:11:13","160","181","157","176","7:58","6:16","--","--","0,80","0,0","1.770","Nein","00:02:57,0","2","00:11:01","00:11:13","--","--"
Laufbandtraining,2021-02-23 17:30:00,false,"Laufbandtraining","1,56","96","00:11:06","158","187","163","186","7:07","5:23","--","--","0,86","0,0","1.830","Nein","00:03:49,8","2","00:10:57","00:12:07","--","--"
Laufbandtraining,2021-02-21 18:13:28,false,"Laufbandtraining","1,82","118","00:13:08","162","182","160","171","7:14","6:33","--","--","0,86","0,0","2.126","Nein","00:05:42,1","2","00:13:02","00:13:08","--","--"
Laufbandtraining,2021-02-17 13:06:04,false,"Laufbandtraining","1,09","68","00:08:04,1","151","168","160","170","7:25","6:38","--","--","0,84","0,0","1.300","Nein","00:00:38,4","2","00:08:00,4","00:08:04,1","--","--"
Laufbandtraining,2021-02-16 19:08:45,false,"Laufbandtraining","1,98","113","00:15:07","142","163","159","174","7:37","6:26","--","--","0,82","0,0","2.434","Nein","00:06:34,7","2","00:14:54","00:17:17","--","--"
Laufbandtraining,2021-02-15 17:03:36,false,"Laufbandtraining","1,21","79","00:12:27","131","160","125","172","10:17","6:33","--","--","0,77","0,0","1.616","Nein","00:04:24,1","2","00:09:46","00:12:57","--","--"
Laufbandtraining,2021-02-14 18:27:10,false,"Laufbandtraining","1,73","113","00:12:09","167","192","165","180","7:01","5:11","--","--","0,86","0,0","2.042","Nein","00:04:43,8","2","00:11:47","00:12:09","--","--"
Laufbandtraining,2021-02-13 18:17:50,false,"Laufbandtraining","1,67","106","00:13:05","149","166","154","163","7:51","6:51","--","--","0,83","0,0","2.030","Nein","00:04:58,8","2","00:13:03","00:13:05","--","--"
Laufbandtraining,2021-02-12 17:31:30,false,"Laufbandtraining","1,48","94","00:12:06","144","170","152","163","8:12","6:49","--","--","0,80","0,0","1.844","Nein","00:03:38,9","2","00:11:55","00:12:06","--","--"
Laufbandtraining,2021-02-09 17:31:38,false,"Laufbandtraining","1,21","85","00:10:11","149","160","150","159","8:25","7:05","--","--","0,79","0,0","1.544","Nein","00:01:40,7","2","00:10:00","00:10:11","--","--"
Laufbandtraining,2021-02-07 17:22:19,false,"Laufbandtraining","0,95","83","00:10:02","150","162","123","163","10:33","7:14","--","--","0,77","0,0","1.336","Nein","00:10:02","1","00:08:11","00:10:02","--","--"
Laufbandtraining,2021-02-05 17:59:58,false,"Laufbandtraining","1,29","89","00:10:08","156","167","152","159","7:52","7:02","--","--","0,84","0,0","1.552","Nein","00:02:13,9","2","00:09:59,9","00:10:08","--","--"
Laufbandtraining,2021-02-02 17:35:33,false,"Laufbandtraining","1,19","79","00:10:11","143","161","150","159","8:32","7:07","--","--","0,78","0,0","1.546","Nein","00:01:37,5","2","00:09:56","00:10:11","--","--"
Laufbandtraining,2021-01-31 18:18:37,false,"Laufbandtraining","1,22","78","00:10:13","142","162","152","163","8:24","6:49","--","--","0,78","0,0","1.588","Nein","00:01:51,1","2","00:09:57","00:10:13","--","--"
Laufbandtraining,2021-01-28 17:00:31,false,"Laufbandtraining","1,20","75","00:10:06","140","154","151","159","8:25","7:02","--","--","0,79","0,0","1.536","Nein","00:01:32,3","2","00:09:34,3","00:10:06","--","--"
Laufbandtraining,2021-01-26 18:01:45,false,"Laufbandtraining","1,26","84","00:10:20","149","167","152","163","8:13","6:51","--","--","0,80","0,0","1.594","Nein","00:02:02,6","2","00:10:04","00:11:29","--","--"
Laufbandtraining,2021-01-24 15:18:23,false,"Laufbandtraining","1,13","51","00:10:13","124","160","154","161","9:01","7:09","--","--","0,72","0,0","1.592","Nein","00:01:06,0","2","00:10:06","00:10:13","--","--"
Laufbandtraining,2021-01-18 16:16:40,false,"Laufbandtraining","1,19","92","00:12:43","138","163","129","162","10:44","7:19","--","--","0,72","0,0","1.662","Nein","00:02:14,8","2","00:10:52","00:13:29","--","--"
Laufbandtraining,2021-01-13 18:15:10,false,"Laufbandtraining","1,13","84","00:10:29","145","155","149","165","9:19","7:02","--","--","0,72","0,0","1.598","Nein","00:01:25,7","2","00:09:37","00:11:08","--","--"
Laufbandtraining,2021-01-11 16:21:25,false,"Laufbandtraining","1,16","106","00:10:29","128","152","90","163","9:04","7:21","--","--","0,64","0,0","1.778","Nein","00:08:54,9","2","00:00:00","00:18:29","--","--"
Laufbandtraining,2021-01-09 17:09:54,false,"Laufbandtraining","0,58","37","00:05:09,8","136","148","156","163","8:52","7:02","--","--","0,72","0,0","818","Nein","00:05:09,8","1","00:05:02","00:05:09,8","--","--"
Laufbandtraining,2020-12-06 15:30:38,false,"Laufbandtraining","0,46","48","00:08:36,6","122","150","76","165","18:53","8:05","--","--","0,70","0,0","712","Nein","00:08:36,6","1","00:04:29","00:09:43,1","--","--"
Laufen,2020-12-02 13:58:16,false,"Pliening Laufen","0,16","9","00:02:25,8","107","111","74","184","15:03","10:54","--","12","0,90","0,0","212","Nein","00:02:25,8","1","00:02:15","00:02:25,8","501","513"
Laufen,2020-12-02 13:08:13,false,"Erding Laufen","0,48","27","00:07:42,2","109","119","87","118","16:03","11:40","--","5","0,72","0,0","686","Nein","00:07:42,2","1","00:06:17","00:07:42,2","466","472"
Laufen,2020-12-02 12:59:02,false,"Erding Laufen","0,50","30","00:07:50,3","110","116","79","128","15:51","9:59","5","--","0,80","0,0","688","Nein","00:07:50,3","1","00:06:21","00:07:50,3","467","473"
Laufen,2020-12-02 12:51:19,false,"Erding Laufen","0,17","10","00:02:36,0","116","123","79","121","14:52","10:31","14","--","0,85","0,0","258","Nein","00:02:36,0","1","00:02:31","00:02:36,0","460","476"
Laufen,2020-12-02 12:47:02,false,"Erding Laufen","0,30","15","00:03:35,1","116","132","109","126","11:58","11:27","2","24","0,77","0,0","406","Nein","00:03:35,1","1","00:03:28","00:03:35,1","457","483"
Laufen,2020-12-02 11:55:30,false,"Erding Laufen","1,08","55","00:14:10","101","110","103","128","13:09","10:12","--","51","0,75","0,0","1.510","Nein","00:02:09,1","2","00:13:18","00:14:10","468","522"
Laufen,2020-12-02 08:04:10,false,"Erding Laufen","0,39","26","00:06:06,2","112","120","79","125","15:44","10:02","21","4","0,80","0,0","532","Nein","00:06:06,2","1","00:04:00","00:06:06,2","460","482"
Laufen,2020-11-30 08:05:16,false,"Erding Laufen","0,22","13","00:02:58,5","122","127","102","123","13:14","9:12","2","2","0,74","0,0","338","Nein","00:02:58,5","1","00:02:53","00:02:58,5","490","492"
Laufbandtraining,2020-11-29 16:49:34,false,"Laufbandtraining","0,92","88","00:13:54","132","158","94","163","15:07","7:17","--","--","0,71","0,0","1.334","Nein","00:13:54","1","00:08:23","00:15:23","--","--"
Laufbandtraining,2020-11-12 19:16:58,false,"Laufbandtraining","0,72","55","00:08:34,1","130","152","115","165","11:52","7:02","--","--","0,73","0,0","1.032","Nein","00:08:34,1","1","00:06:10","00:08:34,1","--","--"
Laufbandtraining,2020-11-07 16:27:01,false,"Einstufungslauf","0,72","48","00:09:00","119","140","125","163","12:30","7:05","--","--","0,58","0,0","1.218","Nein","00:02:00","3","00:06:51","00:09:00","--","--"
Laufen,2020-11-03 18:57:07,false,"Pliening Laufen","0,21","11","00:02:52,4","103","107","95","126","13:28","9:52","--","6","0,78","0,0","308","Nein","00:02:52,4","1","00:02:49","00:02:52,4","503","511"
Laufbandtraining,2020-10-18 17:37:12,false,"Laufbandtraining","0,60","39","00:06:22,2","124","152","130","162","10:40","7:48","--","--","0,72","0,0","852","Nein","00:06:22,2","1","00:05:10","00:06:22,2","--","--"
Laufbandtraining,2020-10-17 17:53:43,false,"Laufbandtraining","0,30","17","00:02:48,7","124","138","149","162","9:17","7:30","--","--","0,73","0,0","432","Nein","00:02:48,7","1","00:02:30","00:02:48,7","--","--"
Laufen,2020-10-15 08:46:31,false,"Erding Laufen","0,87","78","00:11:02","139","153","111","123","12:37","10:49","7","2","0,72","0,0","1.244","Nein","00:11:02","1","00:10:28","00:11:02","485","493"
Laufbandtraining,2020-10-10 12:16:18,false,"Laufbandtraining","1,97","159","00:27:49","128","146","101","160","14:07","7:23","--","--","0,71","0,0","3.156","Nein","00:12:35","2","00:17:40","00:27:49","--","--"
Laufbandtraining,2020-09-24 17:56:43,false,"Laufbandtraining","1,20","82","00:10:04","148","159","156","162","8:23","7:54","--","--","0,77","0,0","1.562","Nein","00:01:40,4","2","00:09:59","00:10:04","--","--"
Laufbandtraining,2020-09-17 19:51:40,false,"Laufbandtraining","0,45","44","00:05:57,8","139","151","110","162","13:08","8:01","--","--","0,69","0,0","702","Nein","00:05:57,8","1","00:04:04","00:05:57,8","--","--"
Laufbandtraining,2020-09-14 17:42:53,false,"Laufbandtraining","0,43","51","00:08:31,2","125","145","74","158","19:58","8:12","--","--","0,67","0,0","824","Nein","00:08:31,2","1","00:04:01","00:08:31,2","--","--"
Laufen,2020-08-10 07:36:05,false,"Bad Windsheim - Laufen","3,38","171","00:34:42","116","156","130","188","10:17","6:10","42","41","0,74","0,0","4.628","Nein","00:01:46,6","5","00:33:28","00:37:46","300","335"
Laufen,2020-08-08 07:53:48,false,"Frankfurt am Main - Locker laufen","6,53","379","00:41:59","166","191","164","190","6:26","5:27","83","28","0,94","0,0","7.014","Nein","00:00:57,8","9","00:40:13","00:45:13","89","161"
Laufen,2020-08-06 11:56:25,false,"Pliening - Locker laufen","7,22","414","00:47:29","160","185","167","183","6:35","6:00","6","6","0,91","0,0","7.996","Nein","00:01:38,4","10","00:46:57","00:49:43","482","491"
Laufen,2020-08-05 16:38:03,false,"Pliening - Tempoläufe","6,11","323","00:40:57","156","188","165","200","6:42","4:14","4","4","0,90","0,0","6.802","Nein","00:01:30","16","00:40:39","00:42:33","487","494"
Laufen,2020-08-04 17:07:36,false,"Pliening - Müder Lauf","6,84","369","00:48:50","150","169","160","175","7:08","6:24","4","6","0,87","0,0","7.878","Nein","00:02:00","9","00:48:24","00:51:15","485","493"
Laufen,2020-08-02 16:08:31,false,"Pliening - Laufen","13,62","795","01:30:13","165","183","166","176","6:37","6:10","13","11","0,90","0,0","15.018","Nein","00:00:34,2","17","01:29:43","01:34:08","485","495"
Laufen,2020-07-29 07:01:14,false,"Pliening - Laufen","0,00","--","00:04:31,2","104","104","--","--","--","--","--","--","--","0,0","--","Nein","00:03:57,0","1","--:--:--","00:04:31,2","--","--"
Laufbandtraining,2020-07-26 16:22:12,true,"Laufen","16,30","926","01:51:20","159","184","160","171","6:50","6:06","--","--","0,91","0,0","17.792","Nein","00:00:35,0","19","01:49:45","01:51:20","--","--"
Laufen,2020-07-25 10:10:43,false,"Pliening - Locker laufen","6,98","454","00:45:43","179","200","169","182","6:33","5:40","8","8","0,90","0,0","7.734","Nein","00:02:00","9","00:45:40","00:45:43","502","512"
Laufbandtraining,2020-07-23 17:15:19,false,"Locker laufen","6,67","397","00:47:53","155","191","159","178","7:10","4:43","--","--","0,88","0,0","7.710","Nein","00:02:00","9","00:45:32","00:47:53","--","--"
Laufen,2020-07-22 18:29:27,false,"Pliening - Zeitlauf","2,77","158","00:17:45","164","192","157","203","6:24","4:03","4","2","0,97","0,0","2.862","Nein","00:00:24,6","5","00:17:14","00:17:49","489","494"
Laufen,2020-07-20 07:50:06,false,"Pliening - Laufen","13,29","831","01:28:00","172","204","165","176","6:37","5:48","4","4","0,92","0,0","14.590","Nein","00:02:00","15","01:27:43","01:39:09","484","492"
Laufen,2020-07-18 17:04:50,false,"Pliening - Locker laufen","6,55","383","00:43:28","163","189","164","180","6:38","5:21","6","6","0,92","0,0","7.142","Nein","00:00:52,1","9","00:42:35","00:44:06","490","499"
Laufen,2020-07-17 11:46:39,false,"Pliening - Locker laufen","7,01","411","00:48:24","161","180","165","173","6:54","0:39","9","8","0,88","0,0","7.986","Nein","00:02:00","9","00:48:23","00:49:44","493","504"
Laufen,2020-07-15 16:50:36,false,"Pliening - Zeitlauf","3,32","194","00:20:26","170","205","165","219","6:09","4:25","2","4","0,98","0,0","3.446","Nein","00:00:52,4","5","00:20:19","00:21:46","499","505"
Laufen,2020-07-14 16:04:39,false,"Pliening - Müder Lauf","5,34","310","00:38:30","159","180","163","174","7:13","6:13","6","6","0,85","0,0","6.292","Nein","00:02:00","7","00:38:19","00:39:25","497","505"
Laufen,2020-07-12 16:05:41,false,"Pliening - Laufen","10,14","633","00:59:51","184","208","170","188","5:54","5:11","11","13","1,00","0,0","10.224","Nein","00:02:00","12","00:59:39","01:06:13","492","505"
Laufbandtraining,2020-07-11 08:26:22,false,"Locker laufen","5,11","301","00:33:59","160","193","158","178","6:39","5:05","--","--","0,94","0,0","5.394","Nein","00:02:00","7","00:32:12","00:33:59","--","--"
Laufbandtraining,2020-07-10 11:54:54,false,"Locker laufen","5,43","236","00:37:21","135","153","155","169","6:52","5:41","--","--","0,94","0,0","5.756","Nein","00:02:00","7","00:37:20","00:37:21","--","--"
Laufen,2020-07-08 11:24:42,false,"Pliening - Locker laufen","3,49","214","00:23:17","167","207","160","192","6:40","4:44","4","2","0,93","0,0","3.786","Nein","00:00:31,7","6","00:23:06","00:24:26","504","510"
Laufen,2020-07-05 08:43:03,false,"Pliening - Laufen","13,24","893","01:26:56","183","203","165","182","6:34","5:31","13","15","0,93","0,0","14.398","Nein","00:02:00","15","01:25:41","01:31:11","483","495"
Laufen,2020-07-04 18:17:50,false,"Pliening - Locker laufen","6,92","419","00:40:57","181","202","166","190","5:55","5:09","8","6","1,02","0,0","6.886","Nein","00:02:00","9","00:40:17","00:43:34","499","508"
Laufen,2020-07-02 16:47:08,false,"Pliening - Locker laufen","7,10","422","00:42:54","176","200","166","187","6:03","5:09","2","4","0,99","0,0","7.306","Nein","00:02:00","9","00:42:43","00:49:59","490","497"
Laufbandtraining,2020-07-01 18:04:25,false,"Locker laufen","5,11","299","00:33:16","161","204","157","196","6:30","3:57","--","--","0,97","0,0","5.312","Nein","00:02:00","7","00:31:19","00:33:16","--","--"
Laufen,2020-06-30 18:09:44,false,"Pliening - Müder Lauf","0,29","15","00:02:25,5","127","152","143","172","8:21","0:49","--","--","0,81","0,0","336","Nein","00:00:25,5","2","00:02:07","00:04:18,3","503","504"
Laufen,2020-06-28 16:49:00,false,"Pliening - Laufen","10,21","643","01:04:57","176","199","167","198","6:22","5:24","15","15","0,94","0,0","10.878","Nein","00:02:00","12","01:04:39","01:10:18","493","504"
Laufen,2020-06-27 08:29:53,false,"Pliening - Laufen","5,40","330","00:32:39","179","204","169","180","6:03","5:44","4","2","0,98","0,0","5.596","Nein","00:02:00","7","00:32:23","00:38:00","500","505"
Laufbandtraining,2020-06-25 19:44:12,false,"Locker laufen","4,67","240","00:28:48","152","176","163","169","6:10","5:45","--","--","1,00","0,0","4.676","Nein","00:01:18,6","7","00:28:42","00:30:59","--","--"
Laufen,2020-06-24 15:42:23,false,"Pliening - Laufen","4,47","247","00:27:21","166","193","163","186","6:07","4:37","4","2","1,01","0,0","4.600","Nein","00:00:06,7","7","00:26:39","00:32:33","498","506"
Laufen,2020-06-22 16:36:11,false,"Pliening - Laufen","10,28","632","01:06:45","170","201","168","186","6:29","5:11","15","13","0,92","0,0","11.280","Nein","00:02:00","12","01:06:21","01:08:24","484","496"
Laufen,2020-06-20 08:00:52,false,"Pliening - Laufen","5,37","320","00:34:08","169","188","170","188","6:22","5:58","2","2","0,92","0,0","5.834","Nein","00:02:00","7","00:34:01","00:34:23","500","506"
Laufen,2020-06-18 12:47:04,false,"Pliening - Locker laufen","3,59","188","00:23:24","149","170","166","176","6:31","5:54","2","4","0,92","0,0","3.908","Nein","00:00:32,4","6","00:23:05","00:25:19","499","505"
Laufbandtraining,2020-06-17 18:21:21,false,"Laufen","3,43","190","00:24:42","145","169","154","172","7:12","5:39","--","--","0,88","0,0","3.886","Nein","00:01:24,2","6","00:22:35","00:24:42","--","--"
Laufen,2020-06-16 17:03:51,false,"Pliening - Laufen","5,64","318","00:35:44","160","185","168","178","6:20","5:42","63","4","0,94","0,0","5.964","Nein","00:01:16,4","8","00:35:35","00:38:25","511","571"
Laufbandtraining,2020-06-14 15:07:58,false,"Laufen","10,02","403","01:08:59","136","154","150","167","6:53","5:55","--","--","0,97","0,0","10.392","Nein","00:00:42,6","13","01:06:51","01:09:23","--","--"
Laufen,2020-06-13 16:33:12,false,"Pliening - Laufen","5,44","316","00:33:17","169","200","168","184","6:07","5:12","6","4","0,97","0,0","5.620","Nein","00:02:00","7","00:33:10","00:33:17","498","508"
Laufen,2020-06-11 11:55:39,false,"Pliening - Locker laufen","3,71","214","00:25:34","154","177","162","174","6:54","0:53","6","6","0,90","0,0","4.170","Nein","00:01:25,6","6","00:25:14","00:27:55","498","505"
Laufen,2020-06-10 18:32:05,false,"Pliening - Laufen","3,64","195","00:22:17","161","187","160","184","6:07","4:58","4","4","1,01","0,0","3.712","Nein","00:01:16,1","6","00:22:05","00:23:05","489","496"
Laufen,2020-06-09 18:36:10,false,"Pliening - Laufen","4,58","260","00:26:18","177","205","171","190","5:45","4:58","4","4","1,02","0,0","4.564","Nein","00:00:08,1","7","00:25:57","00:26:18","499","505"
Laufbandtraining,2020-06-07 16:27:19,false,"Laufen","8,32","407","00:52:53","150","182","158","187","6:22","4:40","--","--","0,98","0,0","8.398","Nein","00:00:15,2","11","00:50:56","00:52:53","--","--"
Laufbandtraining,2020-06-06 17:14:24,false,"Laufen","5,35","257","00:33:41","146","168","160","167","6:17","5:37","--","--","0,99","0,0","5.398","Nein","00:02:00","7","00:33:24","00:35:46","--","--"
Laufen,2020-06-04 08:09:12,false,"Pliening - Locker laufen","3,64","210","00:23:47","164","193","160","205","6:32","4:20","2","2","0,96","0,0","3.942","Nein","00:01:01,0","6","00:23:44","00:24:59","503","508"
Laufen,2020-06-03 08:06:04,false,"Pliening - Laufen","3,66","223","00:24:50","166","185","164","178","6:47","6:15","4","2","0,89","0,0","4.112","Nein","00:01:23,7","6","00:24:43","00:24:50","504","509"
Laufen,2020-06-02 08:05:10,false,"Pliening - Laufen","3,71","218","00:24:16","164","189","164","184","6:32","4:59","2","2","0,93","0,0","4.040","Nein","00:01:22,9","6","00:24:13","00:25:26","499","505"
Laufen,2020-05-31 15:29:03,false,"Pliening - Laufen","6,91","392","00:44:36","163","186","167","180","6:27","5:19","4","6","0,92","0,0","7.546","Nein","00:02:00","9","00:44:23","00:44:57","496","504"
Laufbandtraining,2020-05-30 17:05:33,false,"Einstufungslauf","1,44","69","00:10:51","131","145","157","163","7:33","6:20","--","--","0,84","0,0","1.704","Nein","00:01:50,9","4","00:10:42","00:10:55","--","--"
Laufen,2020-05-28 11:17:25,false,"Pliening - Einstufungslauf","2,85","159","00:19:26","153","169","170","184","6:49","2:07","2","4","0,86","0,0","3.320","Nein","00:02:00","5","00:19:23","00:20:31","498","504"
Laufen,2020-05-20 16:11:04,false,"Pliening Laufen","0,40","23","00:02:34,2","160","170","167","176","6:23","6:13","2","--","0,94","0,0","438","Nein","--:--:--","1","00:02:34,2","00:02:34,2","491","494"
Laufen,2020-05-20 15:41:47,false,"Pliening Laufen","2,78","141","00:17:19","154","175","171","190","6:14","5:19","--","7","0,94","0,0","2.988","Nein","00:05:09,4","3","00:17:10","00:22:32","489","496"
Laufen,2020-05-16 17:59:17,false,"Pliening Laufen","10,16","580","01:00:34","176","206","176","210","5:58","4:50","12","16","0,95","0,0","10.708","Nein","00:00:56,3","11","01:00:20","01:03:26","482","495"
Laufen,2020-05-14 12:33:57,false,"Pliening Laufen","5,40","272","00:29:38","172","193","180","203","5:29","4:06","2","4","1,01","0,0","5.410","Nein","00:02:05,3","6","00:29:30","00:33:37","488","495"
Laufen,2020-05-13 19:34:42,false,"Pliening Laufen","0,33","15","00:04:40,5","95","107","87","120","14:14","10:54","--","--","0,80","0,0","446","Nein","--:--:--","1","00:04:26","00:04:40,5","508","508"
Laufbandtraining,2020-05-11 18:17:06,false,"Laufbandtraining","5,91","347","00:40:47","161","178","165","175","6:54","6:11","--","--","0,88","0,0","6.770","Nein","00:05:52,7","6","00:40:08","00:47:53","--","--"
Laufbandtraining,2020-05-10 18:53:51,false,"Einstufungslauf","1,48","70","00:09:00","148","180","175","199","6:06","4:37","--","--","0,93","0,0","1.580","Nein","00:02:00","3","00:08:48","00:09:00","--","--"
Laufen,2020-05-07 16:33:44,false,"Pliening - Tempolauf","10,17","545","01:04:46","169","200","160","210","6:22","4:41","13","13","0,97","0,0","10.716","Nein","00:03:04,9","14","01:04:33","01:07:29","492","506"
Laufen,2020-05-06 16:15:25,false,"Pliening - Supersätze","10,22","575","01:03:24","174","207","165","203","6:12","4:17","15","17","0,97","0,0","10.772","Nein","00:00:51,8","15","01:03:12","01:05:11","493","505"
Laufbandtraining,2020-05-04 20:09:14,false,"Locker laufen","4,83","291","00:32:40","165","194","166","176","6:46","5:24","--","--","0,89","0,0","5.442","Nein","00:05:23,6","5","00:32:30","00:32:40","--","--"
Laufbandtraining,2020-05-02 17:25:57,false,"Gleichmäßiger Lauf","11,27","643","01:17:40","171","202","164","186","6:54","4:52","--","--","0,88","0,0","12.894","Nein","00:03:46,4","12","01:16:27","01:27:17","--","--"
Laufbandtraining,2020-04-30 18:02:23,false,"Bergtraining","8,22","537","01:06:14","162","190","149","174","8:03","5:30","--","--","0,81","0,0","10.282","Nein","00:00:03,7","28","00:59:05","01:06:14","--","--"
Laufbandtraining,2020-04-29 18:11:28,false,"Wiederholungen mit Zielpace","7,05","462","00:51:36","172","208","149","196","7:19","3:27","--","--","0,86","0,0","8.080","Nein","00:02:23,4","12","00:44:01","00:51:36","--","--"
Laufen,2020-04-27 17:43:13,false,"Pliening - Locker laufen","5,36","288","00:38:16","152","173","168","186","7:09","4:12","4","2","0,84","0,0","6.460","Nein","00:03:47,7","6","00:37:47","00:38:23","499","506"
Laufen,2020-04-25 10:46:57,false,"Pliening Laufen","5,01","288","00:26:37","192","207","180","195","5:19","4:31","--","--","1,05","0,0","4.890","Nein","00:00:01,5","6","00:26:31","00:26:37","497","500"
Laufen,2020-04-25 10:22:26,false,"Pliening Laufen","2,22","118","00:16:48","140","167","164","200","7:34","6:54","--","2","0,80","0,0","2.808","Nein","00:01:39,8","3","00:16:40","00:17:11","500","505"
Laufen,2020-04-23 17:29:20,false,"Pliening - Tempolauf","7,34","418","00:46:35","171","200","157","196","6:21","4:36","6","6","1,03","0,0","7.628","Nein","00:00:50,5","11","00:43:56","00:57:12","485","495"
Laufen,2020-04-21 16:56:14,false,"Pliening - Supersätze","6,53","385","00:43:13","169","202","157","203","6:37","4:35","12","16","0,99","0,0","7.070","Nein","00:00:56,7","12","00:42:21","00:43:29","498","508"
Laufbandtraining,2020-04-20 19:05:09,false,"Locker laufen","4,83","271","00:31:55","155","180","163","173","6:37","6:05","--","--","0,93","0,0","5.238","Nein","00:05:23,6","5","00:31:45","00:32:51","--","--"
Laufen,2020-04-18 16:34:30,false,"Pliening - Gleichmäßiger Lauf","10,33","623","01:02:10","180","199","175","186","6:01","4:55","13","17","0,95","0,0","10.944","Nein","00:02:31,3","12","01:02:00","01:03:26","489","505"
Laufen,2020-04-16 11:40:32,false,"Pliening - Bergtraining","6,73","414","00:45:37","170","201","159","193","6:47","4:23","48","45","0,92","0,0","7.312","Nein","00:00:01,4","21","00:42:50","00:46:10","504","527"
Laufen,2020-04-14 16:52:01,false,"Pliening - Wiederholungen mit Zielpace","6,76","355","00:41:52","163","194","158","196","6:11","4:27","2","4","1,00","0,0","6.896","Nein","00:00:52,8","12","00:41:41","00:43:00","498","505"
Laufen,2020-04-13 12:48:26,false,"Pliening - Locker laufen","4,99","292","00:31:42","166","194","168","184","6:21","5:10","6","6","0,93","0,0","5.418","Nein","00:00:57,6","6","00:30:50","00:33:38","498","505"
Laufen,2020-04-10 17:46:46,false,"Pliening - Tempolauf","7,00","400","00:43:50","170","202","154","220","6:16","4:38","6","8","1,05","0,0","7.230","Nein","00:03:07,8","10","00:43:40","00:44:11","497","506"
Laufen,2020-04-08 11:39:40,false,"Pliening - Supersätze","5,43","331","00:34:03","174","208","162","215","6:16","3:07","2","2","1,00","0,0","5.728","Nein","00:00:45,3","9","00:33:49","00:34:09","500","506"
Laufen,2020-04-06 16:41:35,false,"Pliening - Locker laufen","4,92","287","00:32:03","161","178","167","182","6:31","5:45","4","4","0,92","0,0","5.402","Nein","00:00:30,8","6","00:31:26","00:35:06","499","506"
Laufen,2020-04-04 10:14:26,false,"Pliening - Gleichmäßiger Lauf","8,15","485","00:48:30","177","205","169","188","5:57","4:19","4","8","0,99","0,0","8.420","Nein","00:00:03,3","12","00:48:02","00:52:17","494","505"
Laufen,2020-04-02 16:18:42,false,"Pliening - Bergtraining","5,90","336","00:36:17","168","202","168","203","6:09","4:08","36","31","0,97","0,0","6.214","Nein","00:00:03,1","13","00:35:32","00:36:36","503","529"
Laufen,2020-04-01 17:39:11,false,"Pliening - Wiederholungen mit Zielpace","6,32","291","00:37:45","155","183","154","196","5:58","4:23","2","2","1,09","0,0","6.276","Nein","00:00:02,1","11","00:37:42","00:37:45","499","505"
Laufbandtraining,2020-03-30 17:38:34,false,"Locker laufen","4,83","264","00:33:02","151","173","162","172","6:51","5:40","--","--","0,90","0,0","5.352","Nein","00:05:34,3","5","00:33:01","00:33:02","--","--"
Laufen,2020-03-30 17:09:52,false,"Pliening Laufen","0,57","26","00:07:50,2","96","104","91","126","13:49","11:36","--","2","0,79","0,0","864","Nein","--:--:--","1","00:06:39","00:07:50,2","497","505"
Laufen,2020-03-30 16:57:08,false,"Pliening Laufen","0,25","11","00:03:08,8","95","99","114","123","12:21","11:59","--","--","0,71","0,0","386","Nein","--:--:--","1","00:03:08","00:03:08,8","506","509"
Laufen,2020-03-30 15:32:01,false,"Pliening Laufen","2,10","100","00:26:55","101","113","112","129","12:48","11:18","11","4","0,70","0,0","3.054","Nein","00:02:47,7","3","00:25:30","00:26:55","497","515"
Laufen,2020-03-28 16:54:51,false,"Pliening - Gleichmäßiger Lauf","6,44","374","00:37:30","181","209","171","193","5:49","4:15","4","6","1,00","0,0","6.606","Nein","00:00:59,4","8","00:37:14","00:37:30","496","505"
Laufen,2020-03-26 16:05:16,false,"Pliening Laufen","0,13","8","00:02:19,7","110","119","56","130","17:39","9:49","--","--","1,02","0,0","182","Nein","--:--:--","1","00:01:12","00:02:19,7","498","501"
Laufbandtraining,2020-03-26 07:41:14,false,"Tempolauf","4,86","299","00:34:32","165","209","145","190","7:07","3:41","--","--","0,88","0,0","5.182","Nein","00:03:05,4","7","00:29:44","00:34:32","--","--"
Laufen,2020-03-24 07:29:18,false,"Pliening - Zeitlauf","6,52","334","00:43:05","156","178","154","191","6:37","4:32","7","7","1,17","0,0","6.952","Nein","00:01:24,2","9","00:40:45","00:43:23","497","505"
Laufen,2020-03-23 17:02:22,false,"Pliening Laufen","1,67","75","00:20:49","89","98","110","181","12:30","6:08","--","5","0,73","0,0","2.356","Nein","00:08:27,3","2","00:20:45","00:20:49","500","508"
Laufen,2020-03-23 16:52:40,false,"Poing Laufen","0,28","12","00:03:36,9","86","93","111","127","12:45","12:14","--","--","0,70","0,0","414","Nein","--:--:--","1","00:03:36","00:03:36,9","504","509"
Laufen,2020-03-23 15:39:15,false,"Pliening Laufen","2,66","125","00:33:40","95","105","109","126","12:40","9:49","15","4","0,73","0,0","3.736","Nein","00:09:21,5","3","00:33:05","00:33:40","529","541"
Laufbandtraining,2020-03-22 10:10:56,false,"Laufbandtraining","4,27","204","00:30:24","139","154","152","166","7:07","6:23","--","--","0,93","0,0","4.656","Nein","00:01:47,3","5","00:28:46","00:36:22","--","--"
Laufbandtraining,2020-03-21 16:05:34,false,"Locker laufen","6,31","349","00:43:02","156","175","159","167","6:49","6:20","--","--","0,92","0,0","6.872","Nein","00:02:28,3","7","00:42:48","00:45:02","--","--"
Laufen,2020-03-19 17:59:34,false,"Pliening - Locker laufen","4,83","260","00:30:58","158","174","166","178","6:25","5:55","2","4","0,94","0,0","5.188","Nein","00:05:13,9","5","00:30:52","00:30:58","489","506"
Laufen,2020-03-18 16:36:56,false,"Pliening - Locker laufen","5,63","345","00:39:08","166","179","161","174","6:57","6:13","4","2","0,89","0,0","6.366","Nein","00:04:15,3","6","00:38:15","00:39:09","496","505"
Laufen,2020-03-18 16:01:11,false,"Pliening Laufen","3,60","208","00:24:32","161","176","160","174","6:49","5:40","2","2","0,92","0,0","3.956","Nein","00:04:13,3","4","00:24:08","00:26:15","495","529"
Laufen,2020-03-17 16:05:03,false,"Pliening Laufen","4,39","247","00:28:59","157","180","163","186","6:36","4:50","6","6","0,93","0,0","4.748","Nein","00:02:20,9","5","00:28:43","00:31:11","489","538"
Laufen,2020-03-16 12:38:02,false,"Pliening - Locker laufen","4,02","228","00:22:20","177","206","170","191","5:33","4:21","4","4","1,06","0,0","3.886","Nein","00:00:06,2","5","00:22:04","00:22:20","508","514"
Laufbandtraining,2020-03-14 17:53:06,false,"Laufbandtraining","1,33","80","00:09:04,0","158","176","160","169","6:48","5:55","--","--","0,92","0,0","1.464","Nein","00:02:11,3","2","00:09:03","00:09:04,0","--","--"
Laufbandtraining,2020-03-14 17:41:33,false,"Einstufungslauf","1,08","64","00:09:00","136","153","156","167","8:19","6:34","--","--","0,77","0,0","1.428","Nein","00:02:00","3","00:08:54","00:09:00","--","--"
Laufbandtraining,2020-03-11 19:12:32,false,"Laufbandtraining","4,93","323","00:32:54","173","199","162","176","6:40","5:21","--","--","0,93","0,0","5.352","Nein","00:06:01,4","5","00:32:34","00:32:54","--","--"
Laufbandtraining,2020-03-09 18:35:47,false,"Laufbandtraining","3,74","247","00:24:29","176","207","164","176","6:33","5:12","--","--","0,93","0,0","4.094","Nein","00:04:45,8","4","00:24:07","00:25:35","--","--"
Laufen,2020-03-09 13:24:52,false,"Pliening Laufen","0,15","8","00:02:21,7","93","98","52","150","15:40","10:38","--","--","1,22","0,0","130","Nein","--:--:--","1","00:01:36","00:02:21,7","494","496"
Laufen,2020-03-08 14:08:21,false,"München Laufen","0,36","23","00:06:01,1","107","118","79","147","16:53","12:24","11","--","0,75","0,0","526","Nein","--:--:--","1","00:05:22","00:06:01,1","509","524"
Laufbandtraining,2020-03-07 15:40:43,false,"Laufbandtraining","5,46","367","00:42:51","155","203","161","200","7:51","4:01","--","--","0,79","0,0","6.940","Nein","00:02:39,2","6","00:42:40","00:42:51","--","--"
Laufen,2020-03-06 23:25:12,false,"Pliening Laufen","0,20","9","00:02:23,8","109","116","97","126","11:57","10:57","--","--","0,86","0,0","258","Nein","--:--:--","1","00:02:16","00:02:23,8","486","531"
Laufbandtraining,2020-03-02 16:10:16,false,"Laufbandtraining","2,42","161","00:19:16","150","169","159","170","7:58","6:23","--","--","0,79","0,0","3.068","Nein","00:03:20,7","3","00:19:00","00:19:16","--","--"
Laufbandtraining,2020-03-01 18:19:21,false,"Laufbandtraining","3,72","243","00:24:56","171","203","166","176","6:42","5:25","--","--","0,90","0,0","4.146","Nein","00:04:22,5","4","00:24:38","00:24:56","--","--"
Laufbandtraining,2020-02-29 18:31:04,false,"Laufbandtraining","2,60","183","00:16:43","188","206","165","178","6:26","5:09","--","--","0,94","0,0","2.838","Nein","00:03:29,8","3","00:16:42","00:16:43","--","--"
Laufbandtraining,2020-02-19 16:45:45,false,"Laufbandtraining","5,93","374","00:42:56","156","190","159","174","7:15","5:28","--","--","0,87","0,0","6.858","Nein","00:06:12,2","6","00:42:40","00:44:29","--","--"
Laufbandtraining,2020-02-17 18:57:20,false,"Laufbandtraining","7,84","525","00:56:30","164","180","159","165","7:13","6:27","--","--","0,87","0,0","8.972","Nein","00:06:03,0","8","00:56:29","00:56:30","--","--"
Laufbandtraining,2020-02-16 14:13:52,false,"Laufbandtraining","4,09","255","00:28:09","160","179","162","173","6:53","5:37","--","--","0,90","0,0","4.568","Nein","00:00:37,5","5","00:27:46","00:28:09","--","--"
Laufbandtraining,2020-02-13 16:04:24,false,"Laufbandtraining","7,00","464","00:48:30","168","198","163","174","6:56","6:02","--","--","0,86","0,0","7.946","Nein","00:05:20,5","7","00:47:54","00:48:30","--","--"
