Aktivitätstyp,Datum,Favorit,Titel,Distanz,Kalorien,Zeit,Ø Herzfrequenz,Maximale Herzfrequenz,Aerober TE,Ø Geschwindigkeit,Maximale Geschwindigkeit,Anstieg gesamt,Abstieg gesamt,Ø Trittfrequenz,Max. Trittfrequenz,Normalized Power® (NP®),Training Stress Score®,Maximale Ø Leistung (20 min),Ø Leistung,Max. Leistung,Dekompression,Beste Rundenzeit,Anzahl der Runden,Zeit in Bewegung,Verstrichene Zeit,Minimale Höhe,Maximale Höhe
Indoor Cycling,2025-09-22 10:47:34,false,"Indoor Cycling","0,00","106","00:32:35","103","149","--","--","--","--","--","--","--","--","0,0","--","--","--","Nein","00:32:35","1","00:00:00","00:32:35","--","--"
Indoor Cycling,2025-09-12 16:33:19,false,"Indoor Cycling","0,00","86","00:15:56","125","142","--","--","--","--","--","--","--","--","0,0","--","--","--","Nein","00:15:56","1","00:00:00","00:15:56","--","--"
Radfahren,2025-08-16 17:46:38,false,"Pliening Radfahren","24,34","275","01:07:41","119","146","--","21,6","31,0","23","19","--","--","--","0,0","--","--","--","Nein","00:12:57","5","01:06:40","01:07:41","488","507"
Indoor Cycling,2025-08-12 13:10:41,false,"Indoor Cycling","0,00","147","00:45:30","104","138","--","--","--","--","--","--","--","--","0,0","--","--","--","Nein","00:45:30","1","00:00:00","00:45:30","--","--"
Indoor Cycling,2025-08-06 17:16:53,false,"Indoor Cycling","0,00","212","00:44:28","125","154","--","--","--","--","--","--","--","--","0,0","--","--","--","Nein","00:44:28","1","00:00:00","00:44:28","--","--"
Indoor Cycling,2025-07-14 18:36:44,false,"Indoor Cycling","0,00","174","00:30:37","130","154","--","--","--","--","--","--","--","--","0,0","--","--","--","Nein","00:30:37","1","00:00:00","00:30:37","--","--"
Indoor Cycling,2025-06-23 19:20:07,false,"Indoor Cycling","0,00","258","00:39:07","142","196","--","--","--","--","--","--","--","--","0,0","--","--","--","Nein","00:39:07","1","00:00:00","00:39:07","--","--"
Radfahren,2025-06-09 10:52:18,false,"Pliening Radfahren","18,23","347","00:53:07","139","184","--","20,6","30,9","27","22","--","--","--","0,0","--","--","--","Nein","00:09:04,0","4","00:49:29","01:04:12","485","510"
Indoor Cycling,2025-05-14 17:34:35,false,"Indoor Cycling","0,00","132","00:30:30","114","134","--","--","--","--","--","--","--","--","0,0","--","--","--","Nein","00:30:30","1","00:00:00","00:30:30","--","--"
Indoor Cycling,2025-05-06 17:47:10,false,"Indoor Cycling","0,00","134","00:33:48","111","135","--","--","--","--","--","--","--","--","0,0","--","--","--","Nein","00:33:48","1","00:00:00","00:33:48","--","--"
Indoor Cycling,2025-04-23 18:26:24,false,"Indoor Cycling","0,00","101","00:20:43","117","137","--","--","--","--","--","--","--","--","0,0","--","--","--","Nein","00:20:43","1","00:00:00","00:20:43","--","--"
Indoor Cycling,2025-04-09 17:26:05,false,"Indoor Cycling","0,00","226","00:32:28","136","167","--","--","--","--","--","--","--","--","0,0","--","--","--","Nein","00:32:28","1","00:00:00","00:32:28","--","--"
Indoor Cycling,2025-02-23 16:25:00,false,"Indoor Cycling","0,00","256","00:40:15","133","182","--","--","--","--","--","--","--","--","0,0","--","--","--","Nein","00:40:15","1","00:00:00","00:46:27","--","--"
Indoor Cycling,2025-02-12 17:43:53,false,"Indoor Cycling","0,00","250","00:32:52","145","188","--","--","--","--","--","--","--","--","0,0","--","--","--","Nein","00:32:52","1","00:00:00","00:32:52","--","--"
Indoor Cycling,2025-02-01 12:22:27,false,"Indoor Cycling","0,00","431","00:42:30","170","198","--","--","--","--","--","--","--","--","0,0","--","--","--","Nein","00:42:30","1","00:00:00","00:42:30","--","--"
Indoor Cycling,2025-01-17 18:23:56,false,"Indoor Cycling","0,00","252","00:28:45","149","174","--","--","--","--","--","--","--","--","0,0","--","--","--","Nein","00:28:45","1","00:00:00","00:28:45","--","--"
Indoor Cycling,2025-01-04 17:29:30,false,"Indoor Cycling","0,00","243","00:33:38","139","182","--","--","--","--","--","--","--","--","0,0","--","--","--","Nein","00:33:38","1","00:00:00","00:33:38","--","--"
Indoor Cycling,2024-12-26 19:42:48,false,"Indoor Cycling","0,00","324","00:35:05","158","186","--","--","--","--","--","--","--","--","0,0","--","--","--","Nein","00:35:05","1","00:00:00","00:37:06","--","--"
Indoor Cycling,2024-12-12 17:33:56,false,"Indoor Cycling","0,00","66","00:11:05","122","153","--","--","--","--","--","--","--","--","0,0","--","--","--","Nein","00:11:05","1","00:00:00","00:11:05","--","--"
Indoor Cycling,2024-12-04 18:52:43,false,"Indoor Cycling","0,00","168","00:21:58","140","163","--","--","--","--","--","--","--","--","0,0","--","--","--","Nein","00:21:58","1","00:00:00","00:21:58","--","--"
Indoor Cycling,2024-11-27 11:46:02,false,"Indoor Cycling","0,00","75","00:10:22","135","150","--","--","--","--","--","--","--","--","0,0","--","--","--","Nein","00:10:22","1","00:00:00","00:10:22","--","--"
Indoor Cycling,2024-09-18 17:44:56,false,"Indoor Cycling","0,00","124","00:15:54","141","157","--","--","--","--","--","--","--","--","0,0","--","--","--","Nein","00:15:54","1","00:00:00","00:15:54","--","--"
Indoor Cycling,2024-08-21 17:14:01,false,"Indoor Cycling","15,50","226","00:38:20","128","157","--","24,3","--","--","--","--","--","--","0,0","--","--","--","Nein","00:38:20","1","00:00:00","00:38:20","--","--"
Radfahren,2024-06-26 10:15:45,false,"Garching bei München Radfahren","23,31","498","01:20:59","138","163","--","17,3","25,3","33","7","--","--","--","0,0","--","--","--","Nein","00:11:24","5","01:16:29","01:25:38","471","500"
Radfahren,2024-06-26 06:56:49,false,"Pliening Radfahren","23,11","600","01:12:30","155","181","--","19,1","40,3","9","35","--","--","--","0,0","--","--","--","Nein","00:11:30","5","01:07:50","01:13:42","476","508"
Radfahren,2024-06-19 10:27:48,false,"Radfahren","0,00","577","01:35:00","136","172","--","--","--","--","--","--","--","--","0,0","--","--","--","Nein","01:35:00","1","00:00:00","01:46:49","477","503"
Radfahren,2024-06-19 06:58:28,false,"Radfahren","0,00","533","01:20:39","141","174","--","--","--","--","--","--","--","--","0,0","--","--","--","Nein","01:20:39","1","00:00:00","01:29:12","493","524"
Indoor Cycling,2024-06-13 17:41:15,false,"Indoor Cycling","0,00","154","00:22:43","132","148","--","--","--","--","--","--","--","--","0,0","--","--","--","Nein","00:22:43","1","00:00:00","00:22:43","--","--"
Indoor Cycling,2024-04-10 16:57:17,false,"Indoor Cycling","0,00","142","00:26:31","122","160","--","--","--","--","--","--","--","--","0,0","--","--","--","Nein","00:26:31","1","00:00:00","00:26:31","--","--"
Indoor Cycling,2024-03-27 17:29:08,false,"Indoor Cycling","0,00","253","00:29:06","152","176","--","--","--","--","--","--","--","--","0,0","--","--","--","Nein","00:29:06","1","00:00:00","00:29:06","--","--"
Indoor Cycling,2024-03-20 16:48:50,false,"Indoor Cycling","0,00","78","00:15:25","116","147","--","--","--","--","--","--","--","--","0,0","--","--","--","Nein","00:15:25","1","00:00:00","00:15:25","--","--"
Indoor Cycling,2024-02-28 17:00:35,false,"Indoor Cycling","0,00","197","00:31:35","132","167","--","--","--","--","--","--","--","--","0,0","--","--","--","Nein","00:31:35","1","00:00:00","00:31:35","--","--"
Indoor Cycling,2024-02-21 16:11:51,false,"Indoor Cycling","0,00","251","00:43:06","131","167","--","--","--","--","--","--","--","--","0,0","--","--","--","Nein","00:43:06","1","00:00:00","00:43:06","--","--"
Indoor Cycling,2024-01-20 17:37:38,false,"Indoor Cycling","0,00","159","00:33:04","122","149","--","--","--","--","--","--","--","--","0,0","--","--","--","Nein","00:33:04","1","00:00:00","00:33:04","--","--"
Indoor Cycling,2023-11-09 17:03:07,false,"Indoor Cycling","0,00","145","00:30:31","121","141","--","--","--","--","--","--","--","--","0,0","--","--","--","Nein","00:30:31","1","00:00:00","00:30:31","--","--"
Radfahren,2022-08-04 11:05:45,false,"Taufkirchen (Vils) Radfahren","46,65","1.438","02:29:19","171","204","--","18,7","39,9","253","210","--","--","--","0,0","--","--","--","Nein","00:05:50,3","10","02:28:13","03:02:57","401","457"
Radfahren,2022-08-02 15:02:44,false,"Finsing Radfahren","44,53","1.065","02:38:10","144","191","--","16,9","38,2","211","249","--","--","--","0,0","--","--","--","Nein","00:15:26","9","02:36:01","03:17:15","461","515"
Radfahren,2022-07-13 10:59:38,false,"Berlin Radfahren","14,75","434","01:06:40","133","180","--","13,3","20,1","34","22","--","--","--","0,0","--","--","--","Nein","00:05:50,6","4","01:05:30","03:08:00","-25","1"
Radfahren,2021-08-14 11:48:19,false,"Buch am Erlbach Radfahren","38,05","808","02:13:25","146","179","--","17,1","30,9","120","20","--","--","--","0,0","--","--","--","Nein","00:15:00","8","02:12:36","02:57:14","411","513"
Radfahren,2021-08-12 14:13:20,false,"Pliening Radfahren","40,06","647","02:21:00","135","182","--","17,0","28,2","27","105","--","--","--","0,0","--","--","--","Nein","00:00:26,9","9","02:19:25","02:46:58","414","502"
Virtuelles Radfahren,2021-08-07 18:55:00,false,"Zwift - Back to Fitness - It's all about the Foundation","15,07","246","00:39:10","169","193","--","23,1","81,1","270","--","81","103","117","0,0","126","110","166","Nein","00:00:11","33","00:39:05","00:39:09","97","183"
Virtuelles Radfahren,2021-08-05 17:48:56,false,"Zwift - Back to Fitness - Over Under's 4x 4min","18,52","241","00:39:41","175","199","--","28,0","60,4","121","--","79","96","118","0,0","116","106","166","Nein","00:00:12","48","00:39:36","00:39:40","125","200"
Virtuelles Radfahren,2021-07-26 17:08:35,false,"Zwift - Back to Fitness - Power   Climbing","19,01","266","00:45:14","167","191","--","25,2","65,1","138","--","85","116","114","0,0","112","103","209","Nein","00:00:15","49","00:45:09","00:45:13","4","65"
Virtuelles Radfahren,2021-07-24 12:36:12,false,"Zwift - Back to Fitness - To The Max","10,70","163","00:33:11","169","205","--","19,3","80,9","206","--","86","126","103","0,0","90","86","395","Nein","00:00:12","10","00:33:05","00:33:10","97","183"
Radfahren,2021-07-23 15:00:36,false,"Pliening Radfahren","4,40","91","00:15:52","129","149","--","16,6","19,7","--","18","--","--","--","0,0","--","--","--","Nein","00:15:52","1","00:15:40","00:17:05","492","512"
Virtuelles Radfahren,2021-07-19 17:19:01,false,"Zwift - Back to Fitness - Spice of Life","14,33","229","00:41:12","147","185","--","20,9","59,5","211","--","77","96","105","0,0","102","97","142","Nein","00:00:13","17","00:41:06","00:41:11","279","403"
Radfahren,2021-07-18 16:09:42,false,"Aschheim Radfahren","8,37","173","00:32:05","129","149","--","15,6","28,8","13","6","--","--","--","0,0","--","--","--","Nein","00:11:34","2","00:31:50","00:37:39","509","516"
Radfahren,2021-07-18 15:04:33,false,"Pliening Radfahren","7,38","137","00:24:36","130","184","--","18,0","26,3","18","9","--","--","--","0,0","--","--","--","Nein","00:07:38,7","2","00:24:18","00:25:32","503","521"
Virtuelles Radfahren,2021-07-17 17:56:30,false,"Zwift - Back to Fitness - Rainbow","17,53","188","00:40:14","157","188","--","26,1","49,0","49","--","93","111","92","0,0","88","82","261","Nein","00:00:15","14","00:40:09","00:40:13","10","34"
Virtuelles Radfahren,2021-07-13 17:56:08,false,"Zwift - Back to Fitness - Touch of Egypt","13,73","200","00:41:11","152","177","--","20,0","81,4","242","--","97","115","93","0,0","89","85","128","Nein","00:00:12","15","00:41:06","00:41:10","97","183"
Radfahren,2021-07-11 16:37:33,false,"Erding Radfahren","18,88","445","01:03:05","150","192","--","18,0","27,5","88","51","--","--","--","0,0","--","--","--","Nein","00:12:35","4","01:02:21","01:21:59","466","509"
Radfahren,2021-07-11 14:37:27,false,"Pliening Radfahren","17,57","328","00:55:16","137","173","--","19,1","32,7","29","63","--","--","--","0,0","--","--","--","Nein","00:08:37,7","4","00:54:38","01:04:07","467","504"
Virtuelles Radfahren,2021-07-10 18:06:56,false,"Zwift - Emily's Short Mix","12,00","188","00:30:29","161","186","--","23,6","82,7","213","--","78","89","116","0,0","119","108","143","Nein","00:00:30","14","00:30:28","00:30:28","97","183"
Virtuelles Radfahren,2021-06-19 12:20:51,false,"Zwift - Back to Fitness - The Beginning","9,79","165","00:33:06","146","173","--","17,7","58,1","181","--","76","95","102","0,0","96","87","139","Nein","00:00:07","12","00:32:59","00:33:05","4","104"
Virtuelles Radfahren,2021-06-14 20:29:06,false,"Zwift - Back to Fitness - Basics","9,44","149","00:31:25","145","173","--","18,0","59,5","164","--","87","129","100","0,0","88","85","212","Nein","00:00:06","17","00:30:55","00:31:24","4","85"
Radfahren,2021-05-30 12:05:51,false,"Pliening Radfahren","20,83","426","00:52:59","159","190","--","23,6","39,1","17","15","--","--","--","0,0","--","--","--","Nein","00:02:40,8","5","00:52:45","00:54:20","468","494"
Virtuelles Radfahren,2021-05-12 12:27:28,false,"Zwift - 2 by 2","13,42","172","00:30:16","162","193","0,0","26,6","46,5","78","--","86","103","115","0,0","114","100","162","Nein","00:00:17","17","00:30:11","00:30:15","41","71"
Virtuelles Radfahren,2021-05-10 14:52:31,false,"Zwift - Jon's Short Mix","13,97","186","00:29:40","164","196","0,0","28,3","52,5","64","--","77","117","132","0,0","126","110","417","Nein","00:00:10","15","00:29:35","00:29:39","9","31"
Radfahren,2021-05-08 19:30:43,false,"Poing Radfahren","3,66","60","00:10:37","126","173","--","20,7","26,6","--","9","--","--","--","0,0","--","--","--","Nein","00:10:37","1","00:10:28","00:12:46","502","512"
Virtuelles Radfahren,2021-05-03 16:59:44,false,"Zwift - Emily's Short Mix","12,98","207","00:31:52","172","197","0,0","24,4","83,0","225","--","74","91","123","0,0","128","114","159","Nein","00:01:00","14","00:31:47","00:31:51","97","183"
Virtuelles Radfahren,2021-04-30 17:51:27,false,"Zwift - Pebble Pounder - Leg Openers","12,29","157","00:30:10","156","191","0,0","24,4","56,7","72","--","89","119","106","0,0","104","91","169","Nein","00:00:11","15","00:30:03","00:30:09","4","38"
Radfahren,2021-04-28 19:25:43,false,"Poing Radfahren","3,38","74","00:09:45,7","147","184","--","20,8","29,1","2","11","--","--","--","0,0","--","--","--","Nein","00:09:45,7","1","00:09:34","00:09:51,7","502","513"
Radfahren,2021-04-28 14:23:38,false,"Pliening Radfahren","3,75","77","00:12:18","134","184","--","18,3","23,9","12","--","--","--","--","0,0","--","--","--","Nein","00:12:18","1","00:11:47","00:12:48","503","516"
Virtuelles Radfahren,2021-04-28 12:28:59,false,"Zwift - Pebble Pounder - Active Recovery","12,75","126","00:33:09","147","163","0,0","23,1","53,4","48","--","92","116","69","0,0","71","67","91","Nein","00:00:10","15","00:33:00","00:33:08","4","65"
Radfahren,2021-04-26 15:15:01,false,"Pliening Radfahren","6,20","160","00:22:14","143","172","--","16,7","24,8","11","2","--","--","--","0,0","--","--","--","Nein","00:04:16,3","2","00:22:09","00:46:37","494","507"
Virtuelles Radfahren,2021-04-22 18:01:10,false,"Zwift - Pebble Pounder - Hard Starts","17,40","252","00:42:17","173","193","0,0","24,7","68,1","177","--","83","122","113","0,0","116","104","208","Nein","00:00:10","16","00:42:12","00:42:16","-6","58"
Virtuelles Radfahren,2021-04-20 16:18:18,false,"Zwift - Pebble Pounder - SST Over / Under 2","17,86","289","00:45:28","171","192","0,0","23,6","76,5","291","--","80","117","118","0,0","126","111","145","Nein","00:00:29","16","00:45:24","00:45:27","4","133"
Virtuelles Radfahren,2021-04-14 18:00:34,false,"Zwift - Pebble Pounder - VO2 Max - 3x5 Tabata Style","9,14","249","00:45:08","157","188","0,0","12,2","34,9","337","--","83","115","109","0,0","105","96","208","Nein","00:00:09","77","00:45:03","00:45:07","280","606"
Virtuelles Radfahren,2021-04-08 17:20:25,false,"Zwift - Pebble Pounder - Optional: Optional Miles (75min)","26,43","270","01:15:16","131","175","0,0","21,1","61,6","224","--","80","105","77","0,0","79","62","221","Nein","00:00:17","2","01:15:12","01:15:15","-6","58"
Virtuelles Radfahren,2021-04-06 16:20:49,false,"Zwift - Pebble Pounder - Paceline Work","18,32","220","00:38:48","158","185","0,0","28,3","47,8","60","--","85","111","110","0,0","116","99","167","Nein","00:00:30","20","00:38:47","00:38:47","11","31"
Virtuelles Radfahren,2021-04-01 12:08:19,false,"Zwift - Pebble Pounder - Big Gear SST - 3x5","17,01","206","00:35:10","161","187","0,0","29,0","46,5","50","--","79","109","111","0,0","117","102","145","Nein","00:00:11","15","00:35:05","00:35:09","11","31"
Virtuelles Radfahren,2021-03-23 17:03:38,false,"Zwift - Pebble Pounder - Big Gear SST - 2 x 6","12,64","175","00:30:11","150","174","0,0","25,1","56,4","90","--","80","112","109","0,0","113","101","145","Nein","00:00:12","14","00:30:06","00:30:10","3","47"
Virtuelles Radfahren,2021-03-21 11:48:41,false,"Zwift - Pebble Pounder - Leg Openers","9,73","157","00:30:14","159","195","0,0","19,3","58,7","173","--","89","114","106","0,0","104","90","169","Nein","00:00:15","15","00:30:09","00:30:13","5","97"
Virtuelles Radfahren,2021-03-16 17:48:47,false,"Zwift - Pebble Pounder - Active Recovery","6,25","126","00:33:08","145","163","0,0","11,3","31,7","161","--","93","116","69","0,0","71","66","91","Nein","00:00:09","15","00:33:02","00:33:07","280","431"
Virtuelles Radfahren,2021-03-13 12:39:47,false,"Zwift - Pebble Pounder - VO2 Max - 4x4 (40/20)","13,49","254","00:45:12","159","191","0,0","17,9","46,7","316","--","88","114","114","0,0","109","98","208","Nein","00:00:09","50","00:45:07","00:45:11","12","238"
Virtuelles Radfahren,2021-03-10 11:24:11,false,"Zwift - Pebble Pounder - Hard Starts","14,67","192","00:31:27","172","194","0,0","28,0","47,4","82","--","89","116","116","0,0","124","106","208","Nein","00:00:04","16","00:31:23","00:31:26","41","71"
Virtuelles Radfahren,2021-03-08 18:13:02,false,"Zwift - Pebble Pounder - SST Over / Under 2","15,72","269","00:40:51","170","187","0,0","23,1","82,4","293","--","81","109","121","0,0","127","115","145","Nein","00:00:09","16","00:40:46","00:40:50","97","183"
Virtuelles Radfahren,2021-03-04 17:26:40,false,"Zwift - Pebble Pounder - SST Bursts 10","17,99","249","00:40:11","170","195","0,0","26,9","46,5","114","--","82","107","117","0,0","126","108","426","Nein","00:00:12","30","00:40:06","00:40:10","41","71"
Virtuelles Radfahren,2021-03-02 16:57:51,false,"Zwift - Pebble Pounder - SST Over Under","9,06","235","00:41:53","157","183","0,0","13,0","34,8","313","--","81","114","105","0,0","109","99","285","Nein","00:00:30","20","00:41:06","00:41:53","280","581"
Virtuelles Radfahren,2021-02-27 17:40:04,false,"Zwift - Pebble Pounder - VO2 Max - 4x3 Ramps","19,17","218","00:41:18","159","196","0,0","27,9","43,5","71","--","88","106","109","0,0","107","92","187","Nein","00:00:10","22","00:41:12","00:41:17","10","34"
Radfahren,2021-02-24 15:17:25,false,"Pliening Radfahren","19,49","262","00:52:54","119","186","--","22,1","38,0","20","13","--","--","--","0,0","--","--","--","Nein","00:12:16","4","00:52:28","00:54:20","487","507"
Virtuelles Radfahren,2021-02-22 17:43:53,false,"Zwift - Pebble Pounder - Big Gear SST - 2x10","17,40","221","00:40:09","147","175","0,0","26,0","46,2","99","--","80","109","102","0,0","106","96","125","Nein","00:00:10","13","00:40:04","00:40:08","41","71"
Virtuelles Radfahren,2021-02-18 16:56:50,false,"Zwift - Pebble Pounder - Big Gear SST - 3x5","15,46","196","00:35:09","143","168","0,0","26,4","53,2","84","--","78","110","105","0,0","111","97","145","Nein","00:00:10","15","00:35:03","00:35:08","5","29"
Virtuelles Radfahren,2021-02-11 18:03:00,false,"Zwift - Pebble Pounder - SST Bursts 6","13,92","173","00:30:11","153","176","0,0","27,7","65,5","162","--","82","108","109","0,0","115","99","159","Nein","00:00:12","22","00:30:06","00:30:10","4","46"
Virtuelles Radfahren,2021-02-08 18:21:51,false,"Zwift - Pebble Pounder - Big Gear SST - 2 x 6","11,68","175","00:30:18","142","171","0,0","23,1","79,1","213","--","76","112","109","0,0","112","101","145","Nein","00:00:19","14","00:30:17","00:30:17","97","183"
Indoor Cycling,2021-02-03 17:00:47,false,"Indoor Cycling","0,00","221","00:30:00","--","--","--","--","--","--","--","--","--","--","0,0","--","--","--","Nein","00:00:00","1","00:00:00","00:00:00","--","--"
Virtuelles Radfahren,2021-01-29 15:59:16,false,"Zwift - Technique: 3X3 IM, 3X3 70.3, 3X3 SST High Cadence","25,29","359","01:05:08","--","--","0,0","23,3","61,4","405","--","80","107","100","0,0","105","96","122","Nein","00:00:09","21","01:05:03","01:05:07","4","64"
Indoor Cycling,2021-01-29 15:58:57,false,"Indoor Cycling","0,00","498","01:05:14","153","179","--","--","--","--","--","--","--","--","0,0","--","--","--","Nein","01:05:14","1","00:00:00","01:05:14","--","--"
Indoor Cycling,2021-01-27 16:31:44,false,"Indoor Cycling","0,00","394","00:48:31","153","182","--","--","--","--","--","--","--","--","0,0","--","--","--","Nein","00:48:31","1","00:00:00","00:48:31","--","--"
Indoor Cycling,2021-01-25 16:22:34,false,"Indoor Cycling","0,00","387","00:42:58","168","210","--","--","--","--","--","--","--","--","0,0","--","--","--","Nein","00:42:58","1","00:00:00","00:42:58","--","--"
Indoor Cycling,2021-01-22 14:59:56,false,"Indoor Cycling","0,00","517","02:00:23","124","151","--","--","--","--","--","--","--","--","0,0","--","--","--","Nein","02:00:23","1","00:00:00","02:00:23","--","--"
Indoor Cycling,2021-01-21 18:19:09,false,"Indoor Cycling","0,00","240","00:30:08","150","186","--","--","--","--","--","--","--","--","0,0","--","--","--","Nein","00:30:08","1","00:00:00","00:32:08","--","--"
Indoor Cycling,2021-01-20 12:48:56,false,"Indoor Cycling","0,00","176","00:33:15","124","141","--","--","--","--","--","--","--","--","0,0","--","--","--","Nein","00:33:15","1","00:00:00","00:33:15","--","--"
Indoor Cycling,2021-01-17 11:35:33,false,"Indoor Cycling","0,00","377","00:48:20","154","185","--","--","--","--","--","--","--","--","0,0","--","--","--","Nein","00:48:20","1","00:00:00","00:51:22","--","--"
Indoor Cycling,2021-01-15 15:41:35,false,"Indoor Cycling","0,00","449","01:45:00","122","142","--","--","--","--","--","--","--","--","0,0","--","--","--","Nein","01:45:00","1","00:00:00","01:45:00","--","--"
Indoor Cycling,2021-01-14 18:20:25,false,"Indoor Cycling","0,00","314","00:39:59","150","175","--","--","--","--","--","--","--","--","0,0","--","--","--","Nein","00:39:59","1","00:00:00","00:39:59","--","--"
Indoor Cycling,2021-01-12 18:40:11,false,"Indoor Cycling","0,00","243","00:25:18","173","189","--","--","--","--","--","--","--","--","0,0","--","--","--","Nein","00:25:18","1","00:00:00","00:25:18","--","--"
Indoor Cycling,2021-01-12 18:13:26,false,"Indoor Cycling","0,00","61","00:26:34","87","153","--","--","--","--","--","--","--","--","0,0","--","--","--","Nein","00:26:34","1","00:00:00","00:26:34","--","--"
Indoor Cycling,2021-01-10 18:01:45,false,"Indoor Cycling","0,00","341","00:45:15","150","178","--","--","--","--","--","--","--","--","0,0","--","--","--","Nein","00:45:15","1","00:00:00","00:45:15","--","--"
Indoor Cycling,2021-01-08 16:25:42,false,"Indoor Cycling","0,00","433","01:30:47","125","150","--","--","--","--","--","--","--","--","0,0","--","--","--","Nein","01:30:47","1","00:00:00","01:30:47","--","--"
Indoor Cycling,2021-01-07 17:15:16,false,"Indoor Cycling","0,00","334","00:42:26","152","183","--","--","--","--","--","--","--","--","0,0","--","--","--","Nein","00:42:26","1","00:00:00","00:42:26","--","--"
Indoor Cycling,2021-01-05 17:23:21,false,"Indoor Cycling","0,00","371","00:40:22","168","187","--","--","--","--","--","--","--","--","0,0","--","--","--","Nein","00:40:22","1","00:00:00","00:40:22","--","--"
Indoor Cycling,2021-01-03 19:09:16,false,"Indoor Cycling","0,00","370","00:42:18","162","195","--","--","--","--","--","--","--","--","0,0","--","--","--","Nein","00:42:18","1","00:00:00","00:43:33","--","--"
Indoor Cycling,2021-01-01 16:48:46,false,"Indoor Cycling","0,00","303","00:37:08","158","186","--","--","--","--","--","--","--","--","0,0","--","--","--","Nein","00:37:08","1","00:00:00","00:37:08","--","--"
Indoor Cycling,2020-12-29 18:03:44,false,"Indoor Cycling","0,00","335","00:40:10","157","181","--","--","--","--","--","--","--","--","0,0","--","--","--","Nein","00:40:10","1","00:00:00","00:40:10","--","--"
Indoor Cycling,2020-12-27 12:07:05,false,"Indoor Cycling","19,00","230","00:40:00","154","180","--","28,5","--","--","--","--","--","--","0,0","--","--","--","Nein","00:29:10","1","00:00:00","00:29:10","--","--"
Indoor Cycling,2020-12-25 17:18:12,false,"Indoor Cycling","0,00","204","01:00:18","105","131","--","--","--","--","--","--","--","--","0,0","--","--","--","Nein","01:00:18","1","00:00:00","01:00:18","--","--"
Indoor Cycling,2020-12-24 11:46:37,false,"Indoor Cycling","0,00","303","00:41:39","148","176","--","--","--","--","--","--","--","--","0,0","--","--","--","Nein","00:41:39","1","00:00:00","00:41:39","--","--"
Indoor Cycling,2020-12-22 10:45:07,false,"Indoor Cycling","13,70","206","00:35:00","--","--","--","23,5","--","--","--","--","--","--","0,0","--","--","--","Nein","00:00:00","1","--:--:--","00:00:00","--","--"
Indoor Cycling,2020-12-20 17:06:59,false,"Indoor Cycling","0,00","318","00:41:10","153","196","--","--","--","--","--","--","--","--","0,0","--","--","--","Nein","00:41:10","1","00:00:00","00:41:10","--","--"
Indoor Cycling,2020-12-19 17:43:13,false,"Indoor Cycling","0,00","217","00:36:16","130","154","--","--","--","--","--","--","--","--","0,0","--","--","--","Nein","00:36:16","1","00:00:00","00:36:16","--","--"
Indoor Cycling,2020-12-17 18:36:10,false,"Indoor Cycling","0,00","264","00:30:32","160","192","--","--","--","--","--","--","--","--","0,0","--","--","--","Nein","00:30:32","1","00:00:00","00:30:32","--","--"
Indoor Cycling,2020-12-15 17:18:23,false,"Indoor Cycling","0,00","254","00:31:07","152","181","--","--","--","--","--","--","--","--","0,0","--","--","--","Nein","00:31:07","1","00:00:00","00:31:07","--","--"
Indoor Cycling,2020-12-13 18:24:29,false,"Indoor Cycling","0,00","250","00:34:33","145","183","--","--","--","--","--","--","--","--","0,0","--","--","--","Nein","00:34:33","1","00:00:00","00:34:33","--","--"
Indoor Cycling,2020-12-10 17:13:39,false,"Indoor Cycling","0,00","244","00:30:48","152","180","--","--","--","--","--","--","--","--","0,0","--","--","--","Nein","00:30:48","1","00:00:00","00:30:48","--","--"
Indoor Cycling,2020-12-09 20:51:29,false,"Indoor Cycling","0,00","144","00:25:18","126","145","--","--","--","--","--","--","--","--","0,0","--","--","--","Nein","00:25:18","1","00:00:00","00:25:18","--","--"
Indoor Cycling,2020-11-30 18:51:35,false,"Indoor Cycling","0,00","334","00:41:14","153","181","--","--","--","--","--","--","--","--","0,0","--","--","--","Nein","00:41:14","1","00:00:00","00:41:14","--","--"
Indoor Cycling,2020-11-29 17:07:11,false,"Indoor Cycling","0,00","131","00:20:12","132","160","--","--","--","--","--","--","--","--","0,0","--","--","--","Nein","00:20:12","1","00:00:00","00:20:12","--","--"
Indoor Cycling,2020-11-22 17:36:57,false,"Indoor Cycling","0,00","270","00:52:49","123","162","--","--","--","--","--","--","--","--","0,0","--","--","--","Nein","00:52:49","1","00:00:00","00:53:27","--","--"
Indoor Cycling,2020-11-17 17:34:56,false,"Indoor Cycling","0,00","264","00:36:17","144","187","--","--","--","--","--","--","--","--","0,0","--","--","--","Nein","00:36:17","1","00:00:00","00:36:17","--","--"
Indoor Cycling,2020-11-13 18:15:52,false,"Indoor Cycling","0,00","322","00:47:48","142","214","--","--","--","--","--","--","--","--","0,0","--","--","--","Nein","00:47:48","1","00:00:00","00:50:42","--","--"
Indoor Cycling,2020-11-10 18:46:03,false,"1-Minuten-Intervalle","0,00","275","00:41:47","150","193","--","--","--","--","--","--","--","--","0,0","--","--","--","Nein","00:00:02,1","33","00:00:00","00:41:47","--","--"
Indoor Cycling,2020-11-10 18:25:40,false,"1-Minuten-Intervalle","0,00","126","00:17:46","139","167","--","--","--","--","--","--","--","--","0,0","--","--","--","Nein","00:00:45,9","5","00:00:00","00:19:21","--","--"
Indoor Cycling,2020-11-08 16:21:07,false,"Zone 2 - Aerob","0,00","353","01:00:11","133","170","--","--","--","--","--","--","--","--","0,0","--","--","--","Nein","00:00:10,8","2","00:00:00","01:02:25","--","--"
Indoor Cycling,2020-11-06 18:05:52,false,"Indoor Cycling","0,00","70","00:24:48","92","150","--","--","--","--","--","--","--","--","0,0","--","--","--","Nein","00:24:48","1","00:00:00","00:24:48","--","--"
Radfahren,2020-11-02 11:31:23,false,"Pliening Radfahren","23,69","407","01:10:04","139","187","--","20,3","44,8","122","118","--","--","--","0,0","--","--","--","Nein","00:11:30","5","01:09:12","01:19:31","489","530"
Indoor Cycling,2020-11-01 16:27:15,false,"Indoor Cycling","0,00","335","00:43:10","151","175","--","--","--","--","--","--","--","--","0,0","--","--","--","Nein","00:43:10","1","00:00:00","00:43:50","--","--"
Indoor Cycling,2020-10-29 19:10:25,false,"Indoor Cycling","0,00","268","00:35:38","144","168","--","--","--","--","--","--","--","--","0,0","--","--","--","Nein","00:35:38","1","00:00:00","00:35:38","--","--"
Indoor Cycling,2020-10-26 19:51:53,false,"Indoor Cycling","0,00","254","00:32:41","152","192","--","--","--","--","--","--","--","--","0,0","--","--","--","Nein","00:32:41","1","00:00:00","00:32:41","--","--"
Indoor Cycling,2020-10-22 17:36:45,false,"Indoor Cycling","0,00","81","00:17:04","114","157","--","--","--","--","--","--","--","--","0,0","--","--","--","Nein","00:17:04","1","00:00:00","00:17:04","--","--"
Indoor Cycling,2020-10-21 18:09:07,false,"Indoor Cycling","0,00","188","00:22:19","151","169","--","--","--","--","--","--","--","--","0,0","--","--","--","Nein","00:22:19","1","00:00:00","00:22:19","--","--"
Indoor Cycling,2020-10-19 18:15:34,false,"Indoor Cycling","0,00","311","00:39:58","149","178","--","--","--","--","--","--","--","--","0,0","--","--","--","Nein","00:39:58","1","00:00:00","00:39:58","--","--"
Indoor Cycling,2020-10-18 17:45:13,false,"Indoor Cycling","0,00","259","00:31:19","152","167","--","--","--","--","--","--","--","--","0,0","--","--","--","Nein","00:31:19","1","00:00:00","00:31:19","--","--"
Indoor Cycling,2020-10-17 18:01:09,false,"Indoor Cycling","0,00","285","00:32:21","158","194","--","--","--","--","--","--","--","--","0,0","--","--","--","Nein","00:32:21","1","00:00:00","00:32:21","--","--"
Indoor Cycling,2020-10-15 17:23:01,false,"Indoor Cycling","0,00","280","00:33:18","153","177","--","--","--","--","--","--","--","--","0,0","--","--","--","Nein","00:33:18","1","00:00:00","00:33:43","--","--"
Indoor Cycling,2020-09-27 18:00:43,false,"Indoor Cycling","0,00","296","00:35:23","153","183","--","--","--","--","--","--","--","--","0,0","--","--","--","Nein","00:35:23","1","00:00:00","00:35:23","--","--"
Indoor Cycling,2020-09-23 17:24:10,false,"Indoor Cycling","0,00","233","00:29:27","148","165","--","--","--","--","--","--","--","--","0,0","--","--","--","Nein","00:29:27","1","00:00:00","00:30:07","--","--"
Indoor Cycling,2020-09-13 17:26:44,false,"Indoor Cycling","0,00","149","00:18:09","149","164","--","--","--","--","--","--","--","--","0,0","--","--","--","Nein","00:18:09","1","00:00:00","00:18:09","--","--"
Radfahren,2020-09-11 15:51:08,false,"Pliening Radfahren","19,56","367","00:55:00","141","170","--","21,3","37,0","17","19","--","--","--","0,0","--","--","--","Nein","00:12:57","4","00:54:40","00:56:19","481","500"
Indoor Cycling,2020-09-08 21:10:24,false,"Indoor Cycling","0,00","181","00:21:38","151","164","--","--","--","--","--","--","--","--","0,0","--","--","--","Nein","00:21:38","1","00:00:00","00:21:38","--","--"
Indoor Cycling,2020-09-06 09:43:50,false,"Indoor Cycling","18,84","664","01:03:12","183","205","--","17,9","--","--","--","--","--","--","0,0","--","--","--","Nein","01:03:12","1","00:00:00","01:03:12","--","--"
Indoor Cycling,2020-08-29 15:08:26,false,"Indoor Cycling","8,41","259","00:30:03","161","198","--","16,8","--","--","--","--","--","--","0,0","--","--","--","Nein","00:30:03","1","00:00:00","00:30:44","--","--"
Radfahren,2020-07-17 17:12:33,false,"Pliening Radfahren","8,20","177","00:27:14","136","157","--","18,1","22,9","11","9","--","--","--","0,0","--","--","--","Nein","00:11:07","2","00:26:57","00:45:45","490","503"
Radfahren,2020-06-18 14:27:26,false,"Pliening Radfahren","2,29","43","00:06:05,7","138","170","--","22,6","24,4","11","--","--","--","--","0,0","--","--","--","Nein","00:06:05,7","1","00:06:05,7","00:06:05,7","498","509"
Radfahren,2020-06-08 16:03:39,false,"Pliening Radfahren","7,96","157","00:26:39","131","158","--","17,9","25,8","15","10","--","--","--","0,0","--","--","--","Nein","00:09:20,9","2","00:26:23","00:31:26","494","508"
Radfahren,2020-05-22 12:08:30,false,"Pliening Radfahren","34,69","557","01:55:38","127","168","--","18,0","40,5","36","33","--","--","--","0,0","--","--","--","Nein","00:14:48","7","01:54:37","03:05:14","466","485"
Radfahren,2020-05-01 16:08:47,false,"Pliening Radfahren","6,84","94","00:24:23","110","140","--","16,8","22,6","7","7","--","--","--","0,0","--","--","--","Nein","00:06:19,1","2","00:24:05","00:45:44","493","500"
Radfahren,2020-04-25 11:23:18,false,"Aschheim Radfahren","5,07","132","00:21:15","134","154","--","14,3","16,1","2","--","--","--","--","0,0","--","--","--","Nein","00:00:23,0","2","00:21:12","00:21:15","506","508"
Radfahren,2020-04-20 12:24:13,false,"Pliening Radfahren","1,76","32","00:06:25,0","119","158","--","16,4","23,9","--","--","--","--","--","0,0","--","--","--","Nein","--:--:--","1","00:06:16","00:25:06","503","507"
Radfahren,2020-04-16 14:20:39,false,"Pliening Radfahren","9,08","311","01:17:28","116","152","--","7,0","22,2","15","11","--","--","--","0,0","--","--","--","Nein","00:38:33","2","00:36:18","01:29:28","493","516"
Radfahren,2020-04-15 17:07:46,false,"Pliening Radfahren","11,29","159","00:42:52","108","138","--","15,8","23,6","15","16","--","--","--","0,0","--","--","--","Nein","00:04:52,1","3","00:42:38","00:44:01","481","496"
Radfahren,2020-04-11 11:44:46,false,"Poing Radfahren","2,73","40","00:10:22","105","124","--","15,8","21,6","--","8","--","--","--","0,0","--","--","--","Nein","--:--:--","1","00:10:12","00:12:59","512","521"
Radfahren,2020-04-11 10:39:44,false,"Pliening Radfahren","2,96","63","00:12:07","119","135","--","14,7","21,6","7","--","--","--","--","0,0","--","--","--","Nein","--:--:--","1","00:11:56","00:13:48","505","515"
Radfahren,2020-04-10 13:49:34,false,"Pliening Radfahren","0,01","--","00:00:03,3","105","106","--","14,2","5,6","--","--","--","--","--","0,0","--","--","--","Nein","--:--:--","1","00:00:03,3","00:00:03,3","495","511"
Radfahren,2020-04-10 12:15:05,false,"Pliening Radfahren","13,02","186","00:48:35","110","133","--","16,1","29,1","10","15","--","--","--","0,0","--","--","--","Nein","00:13:47","3","00:47:35","01:34:13","490","511"
Radfahren,2020-04-09 15:28:34,false,"Pliening Radfahren","14,14","225","01:05:15","107","136","--","13,0","20,4","15","14","--","--","--","0,0","--","--","--","Nein","00:19:04","3","01:04:41","01:33:41","465","513"
Radfahren,2020-04-05 12:23:43,false,"Pliening Radfahren","6,76","137","00:27:14","122","142","--","14,9","24,4","8","6","--","--","--","0,0","--","--","--","Nein","00:07:31,0","2","00:26:59","00:37:46","486","496"
Radfahren,2020-04-04 16:18:20,false,"Pliening Radfahren","11,59","317","01:11:12","120","167","--","9,8","34,9","47","44","--","--","--","0,0","--","--","--","Nein","00:05:06,1","3","00:43:20","01:26:05","494","526"
Radfahren,2020-04-01 15:21:31,false,"Pliening Radfahren","10,01","181","00:36:14","122","177","--","16,6","33,6","37","44","--","--","--","0,0","--","--","--","Nein","00:00:08,0","3","00:35:57","01:44:00","514","552"
Radfahren,2020-02-15 14:47:57,false,"Pliening Radfahren","36,41","761","01:58:12","141","190","--","18,5","34,7","142","133","--","--","--","0,0","--","--","--","Nein","00:04:31,4","8","01:57:18","02:56:18","483","540"
